Time,65705048,853801181864312832,1000366558730797056,1304371585,1131032918552301568,1455896304580661258,1235815496223580160,1237550316574269441,1235439317742305280,1222030794056560640,902399334657933312,1403314005934891011,1395574640056029186,1207580042865205251,1463828063083327495,1468407509279199232,1468518847632261122,1845223206,1478605648703406082,1479254808922300422,1498237705867579395,1506912045077512192,1484798916579053568,1422403344920809476,1312043106431238144,1240980884456497152,1185627684816080896,1166807855556546560,921488327479398400,54392416,1523827828231634944,1526366293233807360,1531924219323219969,123542940,1585102445604372480,152979353,1604029012036026368,38399478,264846542,1628197249070272512
25-Mar-2020 00:00:00,4305,857,NaN,519,339,NaN,266,31,40,64,58,NaN,NaN,NaN,NaN,NaN,NaN,NaN,NaN,NaN,NaN,NaN,NaN,NaN,NaN,NaN,NaN,NaN,NaN,NaN,NaN,NaN,NaN,NaN,NaN,NaN,NaN,NaN,NaN,NaN
15-Apr-2020 00:00:00,4373,1005,NaN,515,365,NaN,305,71,45,78,59,NaN,NaN,NaN,NaN,NaN,NaN,NaN,NaN,NaN,NaN,NaN,NaN,NaN,NaN,NaN,NaN,NaN,NaN,NaN,NaN,NaN,NaN,NaN,NaN,NaN,NaN,NaN,NaN,NaN
21-May-2020 00:00:00,4533,1180,891,537,385,NaN,327,105,57,93,65,NaN,NaN,NaN,NaN,NaN,NaN,NaN,NaN,NaN,NaN,NaN,NaN,NaN,NaN,NaN,NaN,NaN,NaN,NaN,NaN,NaN,NaN,NaN,NaN,NaN,NaN,NaN,NaN,NaN
23-Jun-2020 00:00:00,4716,1416,1144,552,407,NaN,342,154,65,109,65,NaN,NaN,NaN,NaN,NaN,NaN,NaN,NaN,NaN,NaN,NaN,NaN,NaN,NaN,NaN,NaN,NaN,NaN,NaN,NaN,NaN,NaN,NaN,NaN,NaN,NaN,NaN,NaN,NaN
21-Jul-2020 00:00:00,4902,1604,1285,554,421,NaN,349,170,66,162,65,NaN,NaN,NaN,NaN,NaN,NaN,NaN,NaN,NaN,NaN,NaN,NaN,NaN,NaN,NaN,NaN,NaN,NaN,NaN,NaN,NaN,NaN,NaN,NaN,NaN,NaN,NaN,NaN,NaN
26-Aug-2020 00:00:00,4993,1834,1270,559,435,NaN,352,213,72,171,69,NaN,NaN,NaN,NaN,NaN,NaN,NaN,NaN,NaN,NaN,NaN,NaN,NaN,NaN,NaN,NaN,NaN,NaN,NaN,NaN,NaN,NaN,NaN,NaN,NaN,NaN,NaN,NaN,NaN
29-Sep-2020 00:00:00,5119,1923,1444,568,451,NaN,364,249,78,174,72,NaN,NaN,NaN,NaN,NaN,NaN,NaN,NaN,NaN,NaN,NaN,NaN,NaN,NaN,NaN,NaN,NaN,NaN,NaN,NaN,NaN,NaN,NaN,NaN,NaN,NaN,NaN,NaN,NaN
28-Oct-2020 00:00:00,5245,2077,1697,606,477,NaN,371,277,79,201,73,NaN,NaN,NaN,NaN,NaN,NaN,NaN,NaN,NaN,NaN,NaN,NaN,NaN,NaN,NaN,NaN,NaN,NaN,NaN,NaN,NaN,NaN,NaN,NaN,NaN,NaN,NaN,NaN,NaN
25-Nov-2020 00:00:00,5341,2215,1808,623,504,NaN,381,316,85,205,80,NaN,NaN,NaN,NaN,NaN,NaN,NaN,NaN,NaN,NaN,NaN,NaN,NaN,NaN,NaN,NaN,NaN,NaN,NaN,NaN,NaN,NaN,NaN,NaN,NaN,NaN,NaN,NaN,NaN
22-Dec-2020 00:00:00,5364,2299,1816,634,525,NaN,385,332,85,223,81,NaN,NaN,NaN,NaN,NaN,NaN,NaN,NaN,NaN,NaN,NaN,NaN,NaN,NaN,NaN,NaN,NaN,NaN,NaN,NaN,NaN,NaN,NaN,NaN,NaN,NaN,NaN,NaN,NaN
04-Feb-2021 00:00:00,5384,2648,1776,644,549,NaN,403,365,89,236,88,NaN,NaN,NaN,NaN,NaN,NaN,NaN,NaN,NaN,NaN,NaN,NaN,NaN,NaN,NaN,NaN,NaN,NaN,NaN,NaN,NaN,NaN,NaN,NaN,NaN,NaN,NaN,NaN,NaN
16-Mar-2021 00:00:00,5497,3027,1720,647,563,NaN,459,387,96,310,92,NaN,NaN,NaN,NaN,NaN,NaN,NaN,NaN,NaN,NaN,NaN,NaN,NaN,NaN,NaN,NaN,NaN,NaN,NaN,NaN,NaN,NaN,NaN,NaN,NaN,NaN,NaN,NaN,NaN
10-May-2021 00:00:00,5673,3469,1661,657,603,NaN,539,411,101,323,102,NaN,NaN,NaN,NaN,NaN,NaN,NaN,NaN,NaN,NaN,NaN,NaN,NaN,NaN,NaN,NaN,NaN,NaN,NaN,NaN,NaN,NaN,NaN,NaN,NaN,NaN,NaN,NaN,NaN
29-Jun-2021 00:00:00,5893,3875,1631,666,640,NaN,609,446,103,349,107,121,50,38,NaN,NaN,NaN,NaN,NaN,NaN,NaN,NaN,NaN,NaN,NaN,NaN,NaN,NaN,NaN,NaN,NaN,NaN,NaN,NaN,NaN,NaN,NaN,NaN,NaN,NaN
30-Jul-2021 00:00:00,5957,4184,1622,676,652,NaN,643,464,106,357,111,277,60,59,NaN,NaN,NaN,NaN,NaN,NaN,NaN,NaN,NaN,NaN,NaN,NaN,NaN,NaN,NaN,NaN,NaN,NaN,NaN,NaN,NaN,NaN,NaN,NaN,NaN,NaN
07-Sep-2021 00:00:00,6051,4334,1587,677,669,NaN,673,497,104,361,113,378,66,77,NaN,NaN,NaN,NaN,NaN,NaN,NaN,NaN,NaN,NaN,NaN,NaN,NaN,NaN,NaN,NaN,NaN,NaN,NaN,NaN,NaN,NaN,NaN,NaN,NaN,NaN
10-Oct-2021 00:00:00,6236,4524,1575,686,682,NaN,698,513,104,363,113,439,73,89,NaN,NaN,NaN,NaN,NaN,NaN,NaN,NaN,NaN,NaN,NaN,NaN,NaN,NaN,NaN,NaN,NaN,NaN,NaN,NaN,NaN,NaN,NaN,NaN,NaN,NaN
24-Nov-2021 00:00:00,6405,4830,1554,688,701,156,725,524,103,375,118,500,89,101,NaN,NaN,NaN,NaN,NaN,NaN,NaN,NaN,NaN,NaN,NaN,NaN,NaN,NaN,NaN,NaN,NaN,NaN,NaN,NaN,NaN,NaN,NaN,NaN,NaN,NaN
16-Dec-2021 00:00:00,6496,4967,1551,690,715,173,733,551,103,375,120,521,98,106,51,45,24,NaN,NaN,NaN,NaN,NaN,NaN,NaN,NaN,NaN,NaN,NaN,NaN,NaN,NaN,NaN,NaN,NaN,NaN,NaN,NaN,NaN,NaN,NaN
04-Jan-2022 00:00:00,6497,5111,1544,693,718,184,756,563,103,375,121,545,99,108,61,47,43,236,4,0,NaN,NaN,NaN,NaN,NaN,NaN,NaN,NaN,NaN,NaN,NaN,NaN,NaN,NaN,NaN,NaN,NaN,NaN,NaN,NaN
02-Feb-2022 00:00:00,6559,5270,1534,695,722,270,783,573,103,392,135,552,126,121,106,69,65,238,13,410,NaN,NaN,NaN,NaN,NaN,NaN,NaN,NaN,NaN,NaN,NaN,NaN,NaN,NaN,NaN,NaN,NaN,NaN,NaN,NaN
03-Mar-2022 00:00:00,6666,5388,1538,698,732,326,797,596,108,411,141,571,134,131,130,91,78,246,17,705,14,NaN,NaN,NaN,NaN,NaN,NaN,NaN,NaN,NaN,NaN,NaN,NaN,NaN,NaN,NaN,NaN,NaN,NaN,NaN
03-Apr-2022 00:00:00,6736,5495,1524,701,737,335,810,599,108,410,143,676,145,140,155,99,80,248,30,880,16,74,NaN,NaN,NaN,NaN,NaN,NaN,NaN,NaN,NaN,NaN,NaN,NaN,NaN,NaN,NaN,NaN,NaN,NaN
15-Apr-2022 00:21:13,6754,5626,1523,701,741,342,830,604,108,412,144,743,149,148,163,104,82,250,38,1006,16,104,154,92,20,15,423,401,79,87,NaN,NaN,NaN,NaN,NaN,NaN,NaN,NaN,NaN,NaN
15-Apr-2022 00:31:36,6754,5626,1523,701,741,342,830,604,108,412,144,743,149,148,162,104,82,250,38,1006,16,104,154,92,20,15,423,401,79,87,NaN,NaN,NaN,NaN,NaN,NaN,NaN,NaN,NaN,NaN
15-Apr-2022 02:54:24,6755,5624,1523,701,739,342,830,604,108,412,144,743,149,148,162,104,82,250,38,1006,16,104,154,92,20,15,423,401,79,87,NaN,NaN,NaN,NaN,NaN,NaN,NaN,NaN,NaN,NaN
15-Apr-2022 03:58:08,6755,5625,1523,700,740,342,831,604,108,412,144,744,149,148,163,104,82,250,38,1006,16,104,154,92,20,15,423,402,79,87,NaN,NaN,NaN,NaN,NaN,NaN,NaN,NaN,NaN,NaN
15-Apr-2022 04:31:53,6754,5625,1523,700,740,342,831,604,108,412,144,744,149,148,163,104,82,250,38,1006,16,104,154,92,20,15,423,402,79,87,NaN,NaN,NaN,NaN,NaN,NaN,NaN,NaN,NaN,NaN
15-Apr-2022 05:16:41,6754,5626,1523,700,740,342,831,604,108,412,144,744,149,148,163,104,82,250,38,1006,16,104,154,92,20,15,423,402,79,87,NaN,NaN,NaN,NaN,NaN,NaN,NaN,NaN,NaN,NaN
16-Apr-2022 00:26:32,6761,5630,1523,701,741,343,832,604,108,412,144,746,149,148,163,104,82,250,39,1009,16,104,154,93,20,15,423,403,79,87,NaN,NaN,NaN,NaN,NaN,NaN,NaN,NaN,NaN,NaN
16-Apr-2022 20:16:09,6763,5639,1521,701,742,343,832,604,108,412,144,746,148,150,163,104,82,250,39,1015,16,104,155,93,20,15,424,403,79,87,NaN,NaN,NaN,NaN,NaN,NaN,NaN,NaN,NaN,NaN
17-Apr-2022 00:28:19,6763,5641,1521,701,743,343,832,604,108,412,144,747,148,150,163,104,82,250,39,1015,16,104,155,93,20,15,424,403,79,87,NaN,NaN,NaN,NaN,NaN,NaN,NaN,NaN,NaN,NaN
18-Apr-2022 00:32:53,6762,5645,1520,701,744,343,832,604,108,412,144,748,148,150,162,104,82,251,40,1017,16,105,156,93,20,15,424,403,79,87,NaN,NaN,NaN,NaN,NaN,NaN,NaN,NaN,NaN,NaN
19-Apr-2022 00:24:28,6776,5662,1520,701,744,343,836,604,108,412,144,750,149,150,162,104,82,251,41,1022,16,105,156,94,20,15,424,406,79,87,NaN,NaN,NaN,NaN,NaN,NaN,NaN,NaN,NaN,NaN
20-Apr-2022 00:26:38,6779,5672,1519,701,744,343,836,605,108,412,145,751,150,150,162,104,82,251,41,1027,16,105,157,94,20,15,424,407,79,87,NaN,NaN,NaN,NaN,NaN,NaN,NaN,NaN,NaN,NaN
21-Apr-2022 00:29:27,6785,5675,1519,700,744,342,836,606,108,412,145,752,150,150,165,104,82,251,42,1029,16,106,156,98,20,15,424,407,79,87,NaN,NaN,NaN,NaN,NaN,NaN,NaN,NaN,NaN,NaN
22-Apr-2022 00:30:36,6783,5677,1518,700,744,341,836,606,108,412,145,753,150,150,167,104,82,251,42,1035,16,106,156,98,20,15,424,407,79,87,NaN,NaN,NaN,NaN,NaN,NaN,NaN,NaN,NaN,NaN
23-Apr-2022 00:31:07,6783,5678,1518,699,743,340,835,606,108,412,144,757,150,150,169,103,82,251,42,1038,16,107,156,98,20,15,425,408,79,87,NaN,NaN,NaN,NaN,NaN,NaN,NaN,NaN,NaN,NaN
24-Apr-2022 00:26:35,6787,5683,1516,699,743,345,835,607,108,412,144,757,150,149,170,105,82,252,43,1040,16,108,156,99,20,15,427,408,80,87,NaN,NaN,NaN,NaN,NaN,NaN,NaN,NaN,NaN,NaN
25-Apr-2022 00:25:00,6792,5687,1516,699,743,349,836,607,108,411,144,762,151,150,169,105,82,253,43,1043,16,109,157,99,20,15,429,409,80,87,NaN,NaN,NaN,NaN,NaN,NaN,NaN,NaN,NaN,NaN
26-Apr-2022 00:30:05,6793,5693,1515,698,744,350,835,606,108,411,144,761,151,151,171,105,82,253,43,1045,16,109,158,99,20,15,429,411,80,87,NaN,NaN,NaN,NaN,NaN,NaN,NaN,NaN,NaN,NaN
27-Apr-2022 00:33:15,6802,5693,1516,698,744,350,834,606,108,411,144,763,151,150,173,105,82,253,43,1046,16,109,158,99,20,15,429,412,80,87,NaN,NaN,NaN,NaN,NaN,NaN,NaN,NaN,NaN,NaN
28-Apr-2022 00:37:00,6814,5699,1516,698,745,351,833,606,108,411,144,764,152,150,177,105,83,252,43,1047,16,109,159,99,20,15,429,411,80,87,NaN,NaN,NaN,NaN,NaN,NaN,NaN,NaN,NaN,NaN
29-Apr-2022 00:29:11,6814,5700,1517,698,745,353,835,606,108,412,144,766,152,150,178,106,83,253,44,1049,16,111,159,100,20,15,429,411,80,87,NaN,NaN,NaN,NaN,NaN,NaN,NaN,NaN,NaN,NaN
30-Apr-2022 00:33:12,6817,5706,1517,698,745,354,836,607,108,412,144,766,151,150,178,106,83,252,44,1053,16,111,158,100,20,16,428,413,80,87,NaN,NaN,NaN,NaN,NaN,NaN,NaN,NaN,NaN,NaN
01-May-2022 00:36:31,6822,5711,1517,698,745,355,835,608,108,412,144,764,151,150,178,106,83,252,43,1056,16,112,158,99,20,16,429,413,80,87,NaN,NaN,NaN,NaN,NaN,NaN,NaN,NaN,NaN,NaN
02-May-2022 00:29:57,6837,5714,1516,698,745,356,835,608,107,412,144,766,151,152,181,107,83,252,43,1061,16,112,160,99,20,16,429,416,81,87,NaN,NaN,NaN,NaN,NaN,NaN,NaN,NaN,NaN,NaN
03-May-2022 00:30:41,6839,5715,1516,698,746,356,835,608,107,412,144,767,151,152,181,107,83,252,43,1063,16,113,160,99,20,16,430,416,82,87,NaN,NaN,NaN,NaN,NaN,NaN,NaN,NaN,NaN,NaN
04-May-2022 00:29:07,6843,5722,1516,698,746,356,835,610,107,412,144,770,151,153,181,107,83,252,43,1064,16,113,161,99,20,16,431,416,82,87,NaN,NaN,NaN,NaN,NaN,NaN,NaN,NaN,NaN,NaN
05-May-2022 00:28:40,6843,5721,1514,698,746,357,835,611,107,412,144,771,151,153,181,107,83,252,43,1066,16,113,161,99,20,16,432,416,82,87,NaN,NaN,NaN,NaN,NaN,NaN,NaN,NaN,NaN,NaN
06-May-2022 00:28:07,6852,5721,1514,699,746,359,836,611,107,412,144,772,151,152,181,108,83,252,43,1070,16,113,162,99,20,16,432,417,82,87,NaN,NaN,NaN,NaN,NaN,NaN,NaN,NaN,NaN,NaN
07-May-2022 00:26:59,6857,5734,1515,699,746,360,836,611,107,412,144,772,151,153,181,108,83,252,43,1077,16,114,162,99,20,16,432,417,82,87,NaN,NaN,NaN,NaN,NaN,NaN,NaN,NaN,NaN,NaN
08-May-2022 00:27:25,6861,5742,1514,699,746,361,836,612,107,412,145,773,152,152,186,109,83,252,43,1084,16,116,164,99,20,16,435,417,82,87,NaN,NaN,NaN,NaN,NaN,NaN,NaN,NaN,NaN,NaN
08-May-2022 04:17:38,6862,5743,1516,699,746,361,836,611,107,412,145,773,152,152,186,109,83,252,43,1084,16,116,164,99,20,16,435,417,82,87,NaN,NaN,NaN,NaN,NaN,NaN,NaN,NaN,NaN,NaN
09-May-2022 16:37:01,6872,5754,1514,699,746,361,837,617,107,412,145,771,153,152,189,109,83,252,44,1088,16,116,164,99,20,16,435,417,82,87,NaN,NaN,NaN,NaN,NaN,NaN,NaN,NaN,NaN,NaN
10-May-2022 16:34:56,6878,5768,1515,700,748,362,839,619,107,413,146,776,154,153,191,109,84,252,44,1095,17,117,165,100,20,16,436,419,82,87,27,NaN,NaN,NaN,NaN,NaN,NaN,NaN,NaN,NaN
11-May-2022 16:33:08,6885,5772,1515,700,748,363,838,619,107,413,146,777,155,153,190,111,84,252,44,1101,17,117,165,100,20,16,436,419,82,87,29,NaN,NaN,NaN,NaN,NaN,NaN,NaN,NaN,NaN
12-May-2022 16:35:35,6889,5775,1514,700,748,364,838,618,107,415,146,774,155,152,190,112,86,252,44,1101,17,117,164,100,20,16,437,419,82,87,30,NaN,NaN,NaN,NaN,NaN,NaN,NaN,NaN,NaN
13-May-2022 16:39:28,6894,5782,1514,700,748,364,839,617,107,416,145,775,157,152,190,114,87,251,44,1103,17,117,163,100,20,16,437,419,82,87,30,NaN,NaN,NaN,NaN,NaN,NaN,NaN,NaN,NaN
14-May-2022 16:29:56,6894,5789,1511,700,749,364,839,618,107,416,145,780,156,152,190,114,87,251,44,1106,17,117,164,100,20,16,437,419,82,87,30,NaN,NaN,NaN,NaN,NaN,NaN,NaN,NaN,NaN
15-May-2022 16:30:15,6895,5802,1510,699,750,365,837,619,107,417,145,784,157,151,190,114,88,251,44,1107,17,117,164,100,20,16,438,419,82,87,30,NaN,NaN,NaN,NaN,NaN,NaN,NaN,NaN,NaN
16-May-2022 16:35:50,6899,5812,1510,700,750,363,839,619,107,417,146,788,159,151,192,114,88,251,44,1107,17,117,164,101,20,16,439,418,82,87,31,NaN,NaN,NaN,NaN,NaN,NaN,NaN,NaN,NaN
17-May-2022 16:34:42,6900,5822,1510,700,750,362,839,615,107,417,147,788,159,152,193,114,87,251,44,1111,17,118,163,101,20,16,439,418,82,87,34,NaN,NaN,NaN,NaN,NaN,NaN,NaN,NaN,NaN
18-May-2022 16:33:20,6904,5830,1510,700,750,363,839,615,107,417,147,790,159,152,194,115,87,251,44,1113,17,119,163,101,20,16,439,419,82,87,37,NaN,NaN,NaN,NaN,NaN,NaN,NaN,NaN,NaN
19-May-2022 16:53:32,6909,5846,1510,700,752,364,841,616,108,418,147,790,160,153,198,115,87,251,44,1119,17,120,164,101,20,16,439,420,83,87,40,NaN,NaN,NaN,NaN,NaN,NaN,NaN,NaN,NaN
20-May-2022 16:31:18,6914,5854,1509,700,752,364,843,616,108,418,147,789,160,153,199,115,87,251,44,1125,17,120,164,101,20,16,439,420,83,87,40,NaN,NaN,NaN,NaN,NaN,NaN,NaN,NaN,NaN
21-May-2022 16:29:11,6919,5858,1506,700,752,364,843,617,108,419,147,787,160,152,198,115,87,251,44,1128,17,120,165,101,20,16,440,421,82,87,39,NaN,NaN,NaN,NaN,NaN,NaN,NaN,NaN,NaN
22-May-2022 16:29:32,6927,5866,1506,700,752,364,844,617,108,419,147,789,160,152,198,116,87,251,44,1131,17,120,166,101,20,16,439,420,82,87,39,NaN,NaN,NaN,NaN,NaN,NaN,NaN,NaN,NaN
23-May-2022 16:31:05,6933,5880,1506,700,752,363,845,618,108,421,147,791,160,152,200,116,87,251,45,1142,17,121,167,103,20,16,439,421,82,87,39,NaN,NaN,NaN,NaN,NaN,NaN,NaN,NaN,NaN
24-May-2022 16:34:56,6935,5892,1505,702,754,365,845,619,109,422,148,792,160,155,202,117,89,252,45,1146,17,121,169,104,20,17,439,421,82,89,40,33,NaN,NaN,NaN,NaN,NaN,NaN,NaN,NaN
25-May-2022 16:34:04,6942,5910,1505,702,755,365,851,619,109,423,151,792,161,156,203,118,89,255,48,1151,17,138,171,104,20,17,439,422,82,89,47,38,NaN,NaN,NaN,NaN,NaN,NaN,NaN,NaN
26-May-2022 16:33:03,6952,5927,1505,702,755,365,852,621,109,423,151,796,162,156,204,117,89,255,48,1158,17,140,172,104,20,17,439,423,82,89,71,38,NaN,NaN,NaN,NaN,NaN,NaN,NaN,NaN
27-May-2022 16:32:21,6954,5931,1505,702,755,366,852,622,109,423,151,799,162,156,206,117,89,255,48,1165,17,140,172,104,20,17,439,423,82,89,76,40,NaN,NaN,NaN,NaN,NaN,NaN,NaN,NaN
28-May-2022 16:31:32,6959,5933,1505,702,757,367,851,622,109,422,151,799,163,156,206,118,89,255,48,1165,17,143,172,105,20,17,439,424,82,89,75,40,NaN,NaN,NaN,NaN,NaN,NaN,NaN,NaN
29-May-2022 16:29:34,6967,5934,1504,702,758,367,851,623,108,424,151,800,164,155,206,121,89,255,48,1168,17,143,171,105,20,17,439,425,81,89,76,40,NaN,NaN,NaN,NaN,NaN,NaN,NaN,NaN
30-May-2022 16:32:11,6971,5948,1504,702,758,367,853,624,108,425,151,802,164,155,208,121,89,255,48,1171,17,144,171,105,20,17,439,426,81,89,77,40,NaN,NaN,NaN,NaN,NaN,NaN,NaN,NaN
31-May-2022 16:34:42,6976,5952,1504,701,759,371,852,626,108,425,151,806,165,156,208,121,89,254,48,1181,17,145,171,105,20,17,439,427,81,89,78,43,NaN,NaN,NaN,NaN,NaN,NaN,NaN,NaN
01-Jun-2022 16:33:47,6980,5962,1504,701,759,372,853,624,108,426,151,806,166,157,209,121,89,254,48,1190,17,146,171,105,20,17,440,426,81,89,79,43,NaN,NaN,NaN,NaN,NaN,NaN,NaN,NaN
02-Jun-2022 16:34:33,6986,5966,1504,701,760,370,854,624,108,427,152,812,168,158,211,124,89,255,48,1196,17,149,171,106,20,17,440,424,81,89,80,46,NaN,NaN,NaN,NaN,NaN,NaN,NaN,NaN
03-Jun-2022 16:30:03,6989,5972,1505,703,761,372,855,625,110,428,154,815,168,158,212,125,91,256,49,1199,18,150,172,107,21,18,441,425,82,90,81,48,25,NaN,NaN,NaN,NaN,NaN,NaN,NaN
04-Jun-2022 16:27:00,6996,5978,1506,703,761,372,856,626,110,427,154,812,168,158,213,125,91,256,49,1203,18,153,172,107,21,18,441,425,82,91,82,48,29,NaN,NaN,NaN,NaN,NaN,NaN,NaN
05-Jun-2022 16:27:05,7004,5981,1505,703,761,373,856,625,110,427,154,812,168,158,214,125,91,256,49,1204,18,154,172,107,21,18,441,425,82,91,82,49,29,NaN,NaN,NaN,NaN,NaN,NaN,NaN
06-Jun-2022 16:31:17,7010,5992,1508,703,761,373,855,625,110,427,154,818,167,158,215,125,91,256,50,1211,18,161,172,108,21,18,441,427,82,91,83,50,29,NaN,NaN,NaN,NaN,NaN,NaN,NaN
07-Jun-2022 16:31:43,7016,5994,1506,703,762,374,855,626,110,427,154,813,167,158,216,125,91,256,50,1217,18,161,173,109,21,18,441,427,82,91,81,51,29,NaN,NaN,NaN,NaN,NaN,NaN,NaN
08-Jun-2022 16:29:50,7021,6002,1506,703,762,374,858,627,109,427,154,818,169,158,219,125,91,256,50,1226,18,164,173,109,21,18,441,430,82,91,82,51,30,NaN,NaN,NaN,NaN,NaN,NaN,NaN
09-Jun-2022 16:30:12,7027,6024,1505,704,764,375,856,629,110,428,155,822,169,158,223,126,91,256,50,1229,18,200,173,109,21,18,443,434,82,91,81,51,30,NaN,NaN,NaN,NaN,NaN,NaN,NaN
10-Jun-2022 16:32:27,7032,6030,1506,704,765,375,856,630,110,428,155,826,168,158,224,128,91,257,50,1234,18,206,173,109,21,18,444,437,82,91,81,51,30,NaN,NaN,NaN,NaN,NaN,NaN,NaN
11-Jun-2022 16:26:47,7034,6036,1506,704,764,375,857,632,110,428,155,827,168,158,226,129,91,257,50,1233,18,207,172,109,21,18,445,438,82,91,81,51,30,NaN,NaN,NaN,NaN,NaN,NaN,NaN
12-Jun-2022 16:27:19,7036,6037,1506,704,764,375,857,633,110,428,155,828,169,158,227,131,91,257,49,1237,18,208,173,109,21,18,445,438,82,91,81,51,30,NaN,NaN,NaN,NaN,NaN,NaN,NaN
13-Jun-2022 16:31:56,7039,6047,1506,704,764,375,857,633,110,428,155,830,169,159,229,131,91,257,49,1239,18,209,173,109,21,18,445,439,82,91,81,51,30,NaN,NaN,NaN,NaN,NaN,NaN,NaN
14-Jun-2022 16:32:54,7043,6051,1506,704,762,375,858,633,110,428,154,828,169,159,232,131,91,257,50,1242,18,209,173,109,21,18,444,439,82,91,81,51,30,NaN,NaN,NaN,NaN,NaN,NaN,NaN
15-Jun-2022 16:28:51,7046,6053,1505,704,763,375,859,633,110,428,154,835,171,159,233,131,91,257,50,1245,18,210,173,109,21,18,444,439,82,91,81,52,31,NaN,NaN,NaN,NaN,NaN,NaN,NaN
16-Jun-2022 16:31:29,7048,6059,1505,705,763,375,859,634,110,428,154,836,171,159,233,131,92,257,50,1249,18,210,174,109,21,18,444,440,82,91,81,53,31,NaN,NaN,NaN,NaN,NaN,NaN,NaN
17-Jun-2022 16:31:31,7049,6064,1505,704,763,375,859,634,110,428,154,838,171,159,235,131,92,257,50,1253,18,211,174,110,21,18,444,441,82,91,81,54,31,NaN,NaN,NaN,NaN,NaN,NaN,NaN
18-Jun-2022 16:27:49,7048,6066,1505,705,763,376,859,634,110,428,154,842,171,159,237,131,92,257,51,1252,18,212,175,110,21,18,444,440,82,91,81,55,31,NaN,NaN,NaN,NaN,NaN,NaN,NaN
19-Jun-2022 16:27:10,7055,6073,1505,705,763,376,861,634,110,428,154,841,172,161,238,133,92,257,51,1265,18,213,176,110,21,18,444,440,82,91,82,55,31,NaN,NaN,NaN,NaN,NaN,NaN,NaN
20-Jun-2022 16:33:44,7058,6087,1505,704,761,376,862,634,109,428,153,845,173,161,237,133,92,257,51,1268,18,214,176,109,21,18,444,442,82,91,82,55,31,NaN,NaN,NaN,NaN,NaN,NaN,NaN
21-Jun-2022 16:35:13,7066,6099,1505,704,762,375,862,637,109,428,153,848,174,161,238,133,92,257,51,1269,18,216,176,109,21,18,444,445,82,91,82,56,32,NaN,NaN,NaN,NaN,NaN,NaN,NaN
22-Jun-2022 16:31:35,7069,6105,1505,704,762,379,862,636,109,428,153,850,175,161,237,134,93,258,51,1273,18,217,175,109,21,18,444,445,82,91,82,58,32,NaN,NaN,NaN,NaN,NaN,NaN,NaN
23-Jun-2022 16:31:03,7074,6122,1505,704,764,382,862,639,109,428,153,854,176,162,239,134,93,258,51,1281,18,219,184,109,21,18,444,444,82,91,82,58,33,NaN,NaN,NaN,NaN,NaN,NaN,NaN
24-Jun-2022 16:31:16,7080,6128,1506,704,764,382,863,640,109,429,153,853,176,162,239,134,93,258,51,1286,18,218,188,109,21,18,444,445,82,91,82,58,33,NaN,NaN,NaN,NaN,NaN,NaN,NaN
25-Jun-2022 16:27:34,7082,6133,1507,704,765,382,865,641,109,429,153,859,176,163,238,134,92,258,51,1285,18,218,188,110,21,18,444,447,82,91,83,61,33,NaN,NaN,NaN,NaN,NaN,NaN,NaN
26-Jun-2022 16:27:19,7087,6137,1507,703,764,383,865,641,108,429,152,861,176,163,240,135,92,258,51,1286,18,219,189,110,21,18,444,450,82,91,83,62,33,NaN,NaN,NaN,NaN,NaN,NaN,NaN
27-Jun-2022 16:31:48,7089,6146,1507,703,764,386,864,642,108,429,152,863,179,165,241,135,92,258,51,1287,18,219,192,110,21,18,444,450,82,91,83,62,33,NaN,NaN,NaN,NaN,NaN,NaN,NaN
28-Jun-2022 16:34:40,7090,6151,1508,703,764,385,863,642,108,429,152,864,179,165,243,135,92,258,51,1290,18,219,193,110,21,18,444,452,82,91,83,62,33,NaN,NaN,NaN,NaN,NaN,NaN,NaN
29-Jun-2022 16:50:12,7096,6155,1508,703,764,385,865,643,108,429,152,866,179,164,246,136,92,258,52,1291,18,220,193,111,21,18,444,453,84,91,83,63,33,NaN,NaN,NaN,NaN,NaN,NaN,NaN
30-Jun-2022 16:33:51,7097,6160,1509,703,765,386,867,645,108,430,152,867,179,164,248,137,92,258,52,1291,18,218,194,111,21,18,444,454,84,91,83,63,33,NaN,NaN,NaN,NaN,NaN,NaN,NaN
01-Jul-2022 16:33:44,7098,6167,1509,703,765,387,868,645,108,430,152,869,179,164,250,137,92,258,52,1292,18,218,196,111,21,18,444,456,84,91,83,63,33,NaN,NaN,NaN,NaN,NaN,NaN,NaN
02-Jul-2022 16:27:40,7099,6174,1509,703,766,387,868,645,108,430,152,871,179,164,251,138,92,258,52,1293,18,221,196,111,21,18,444,456,84,91,83,63,34,NaN,NaN,NaN,NaN,NaN,NaN,NaN
03-Jul-2022 16:27:37,7105,6176,1508,704,767,388,868,647,108,430,152,871,180,165,253,138,92,258,52,1297,18,223,196,111,21,18,445,458,84,91,84,63,34,NaN,NaN,NaN,NaN,NaN,NaN,NaN
04-Jul-2022 16:31:31,7102,6178,1508,703,768,391,868,647,108,430,152,874,181,165,253,139,92,258,52,1299,18,224,196,111,21,18,445,458,84,91,84,64,34,NaN,NaN,NaN,NaN,NaN,NaN,NaN
05-Jul-2022 16:34:52,7107,6181,1508,704,768,395,868,647,108,430,152,874,182,166,253,139,91,258,52,1306,18,225,196,111,21,18,445,458,85,91,84,65,35,NaN,NaN,NaN,NaN,NaN,NaN,NaN
06-Jul-2022 16:33:06,7110,6191,1511,704,769,396,869,649,108,430,152,875,182,166,253,141,91,258,52,1308,18,225,195,111,21,18,445,459,86,91,84,65,35,NaN,NaN,NaN,NaN,NaN,NaN,NaN
07-Jul-2022 16:35:26,7114,6206,1511,705,769,396,870,649,108,429,152,876,185,167,256,141,91,258,52,1308,18,225,197,111,21,18,446,461,86,91,84,65,35,NaN,NaN,NaN,NaN,NaN,NaN,NaN
08-Jul-2022 16:34:25,7117,6213,1511,705,770,396,870,650,108,429,152,876,185,168,256,141,91,258,53,1334,18,227,199,112,21,18,446,462,86,92,85,66,35,NaN,NaN,NaN,NaN,NaN,NaN,NaN
09-Jul-2022 16:27:29,7116,6218,1510,705,770,396,871,650,108,429,152,878,185,166,255,140,91,258,53,1368,18,228,199,112,21,18,446,463,86,92,85,66,35,NaN,NaN,NaN,NaN,NaN,NaN,NaN
10-Jul-2022 16:28:46,7119,6225,1511,706,772,395,871,650,109,428,153,879,185,167,256,140,91,258,53,1371,18,228,200,112,21,18,447,464,85,92,86,66,35,NaN,NaN,NaN,NaN,NaN,NaN,NaN
11-Jul-2022 16:34:02,7117,6230,1511,706,772,396,873,649,109,429,153,879,184,168,257,140,92,258,53,1376,18,229,199,112,21,18,447,463,85,92,87,66,36,NaN,NaN,NaN,NaN,NaN,NaN,NaN
12-Jul-2022 16:32:06,7115,6231,1511,706,772,396,873,647,109,430,153,879,184,167,258,140,92,258,53,1377,18,229,199,112,21,18,447,462,85,92,87,66,36,NaN,NaN,NaN,NaN,NaN,NaN,NaN
13-Jul-2022 16:32:45,7120,6238,1511,706,772,398,874,647,109,429,153,880,186,168,260,143,92,258,53,1381,18,230,202,112,21,18,447,462,85,92,87,66,36,NaN,NaN,NaN,NaN,NaN,NaN,NaN
14-Jul-2022 16:37:41,7137,6253,1510,706,772,405,874,647,109,430,153,880,186,169,264,145,92,258,53,1381,18,230,203,112,21,18,448,462,85,92,87,66,37,NaN,NaN,NaN,NaN,NaN,NaN,NaN
15-Jul-2022 16:33:30,7164,6267,1509,706,773,408,875,648,109,432,153,880,186,169,264,147,91,257,54,1387,18,232,203,112,21,18,448,462,86,92,87,66,37,NaN,NaN,NaN,NaN,NaN,NaN,NaN
16-Jul-2022 16:27:35,7174,6270,1509,706,774,409,876,648,109,433,153,881,187,169,264,149,91,257,54,1391,18,232,204,112,21,18,447,462,87,92,87,66,37,NaN,NaN,NaN,NaN,NaN,NaN,NaN
17-Jul-2022 16:28:18,7174,6267,1509,706,774,410,876,649,109,433,153,883,186,169,264,149,91,257,54,1391,18,231,204,112,21,18,447,462,88,92,87,66,37,NaN,NaN,NaN,NaN,NaN,NaN,NaN
18-Jul-2022 16:34:36,7175,6273,1509,706,773,411,876,648,109,433,153,882,185,168,265,149,91,257,54,1393,18,231,203,112,21,18,448,463,86,92,87,66,37,NaN,NaN,NaN,NaN,NaN,NaN,NaN
19-Jul-2022 16:34:55,7179,6286,1509,705,774,412,876,648,109,434,153,880,184,168,265,149,91,257,54,1395,18,231,203,112,21,18,448,464,86,92,87,66,37,NaN,NaN,NaN,NaN,NaN,NaN,NaN
20-Jul-2022 16:31:56,7190,6298,1509,705,773,416,876,649,109,434,153,881,184,168,266,149,91,257,54,1404,18,232,203,112,21,18,449,465,86,92,87,66,39,NaN,NaN,NaN,NaN,NaN,NaN,NaN
21-Jul-2022 16:31:01,7198,6305,1508,705,773,417,876,649,109,434,154,883,183,168,267,149,91,257,54,1406,18,232,204,112,21,18,449,465,86,92,87,67,39,NaN,NaN,NaN,NaN,NaN,NaN,NaN
22-Jul-2022 16:34:42,7211,6311,1503,705,773,420,877,648,109,434,154,882,183,168,267,149,91,257,54,1410,18,232,205,112,21,18,449,466,86,92,87,67,39,NaN,NaN,NaN,NaN,NaN,NaN,NaN
23-Jul-2022 16:29:23,7214,6316,1504,705,774,421,878,648,109,434,154,884,183,168,267,149,91,257,54,1413,18,233,204,111,21,18,448,468,86,92,87,67,39,NaN,NaN,NaN,NaN,NaN,NaN,NaN
24-Jul-2022 16:30:10,7222,6316,1504,705,774,424,878,650,109,435,154,883,183,171,268,150,91,258,54,1417,18,234,205,111,21,18,448,470,86,92,87,67,41,NaN,NaN,NaN,NaN,NaN,NaN,NaN
25-Jul-2022 16:30:46,7229,6321,1504,705,774,424,879,649,109,435,154,884,183,173,270,150,91,258,54,1419,18,234,206,111,21,18,448,471,86,93,87,68,42,NaN,NaN,NaN,NaN,NaN,NaN,NaN
26-Jul-2022 16:30:48,7234,6329,1501,705,775,423,879,649,109,434,155,883,183,173,272,151,91,259,54,1422,18,237,206,111,21,18,450,471,86,93,87,68,42,NaN,NaN,NaN,NaN,NaN,NaN,NaN
27-Jul-2022 16:33:08,7234,6331,1502,705,776,423,879,648,109,433,155,882,183,172,272,151,91,259,55,1424,18,237,207,111,21,18,450,472,86,93,88,68,42,NaN,NaN,NaN,NaN,NaN,NaN,NaN
28-Jul-2022 16:34:38,7240,6336,1502,705,776,423,879,650,109,433,155,886,184,172,277,151,91,259,55,1425,18,238,208,111,21,18,449,473,86,94,89,68,42,NaN,NaN,NaN,NaN,NaN,NaN,NaN
29-Jul-2022 16:31:52,7240,6347,1500,705,778,423,878,653,109,433,155,887,185,172,283,150,91,259,55,1434,18,238,208,111,21,18,449,474,86,94,89,68,42,NaN,NaN,NaN,NaN,NaN,NaN,NaN
30-Jul-2022 16:28:16,7241,6353,1498,705,777,423,878,653,109,434,155,889,185,172,288,150,91,259,55,1439,18,238,207,112,21,18,449,474,86,94,89,68,44,NaN,NaN,NaN,NaN,NaN,NaN,NaN
31-Jul-2022 16:28:36,7245,6363,1497,705,776,424,878,653,109,433,155,888,186,172,288,150,91,259,55,1439,18,241,207,112,21,18,449,475,86,94,89,69,44,NaN,NaN,NaN,NaN,NaN,NaN,NaN
01-Aug-2022 16:32:46,7244,6364,1496,705,776,424,878,653,109,433,155,888,186,172,288,150,91,259,55,1442,18,241,207,112,21,18,449,475,86,95,90,69,45,NaN,NaN,NaN,NaN,NaN,NaN,NaN
02-Aug-2022 16:30:42,7244,6370,1496,707,776,423,879,653,109,433,155,888,186,172,289,150,91,259,55,1445,18,242,207,112,21,18,449,476,86,95,90,69,45,NaN,NaN,NaN,NaN,NaN,NaN,NaN
03-Aug-2022 16:30:34,7250,6386,1496,707,776,423,879,652,109,433,155,890,186,172,288,151,91,259,55,1447,18,243,207,112,21,18,449,478,86,95,90,69,45,5,NaN,NaN,NaN,NaN,NaN,NaN
04-Aug-2022 16:32:46,7249,6386,1496,707,776,425,878,652,109,434,155,888,187,172,288,151,91,259,55,1448,18,243,206,112,21,18,449,478,86,95,90,69,45,5,NaN,NaN,NaN,NaN,NaN,NaN
05-Aug-2022 16:32:53,7253,6386,1495,707,775,425,877,651,109,434,155,888,187,171,290,153,91,259,55,1447,18,245,207,111,21,18,449,477,86,95,90,69,45,5,NaN,NaN,NaN,NaN,NaN,NaN
06-Aug-2022 16:28:00,7256,6389,1495,707,776,425,878,651,109,435,155,889,187,171,291,153,91,259,55,1451,18,246,207,111,21,18,449,477,86,94,90,69,45,5,NaN,NaN,NaN,NaN,NaN,NaN
07-Aug-2022 16:27:43,7259,6393,1495,707,776,425,878,651,109,435,155,889,186,171,289,153,91,259,55,1450,18,246,207,111,21,18,449,478,86,94,90,69,45,5,NaN,NaN,NaN,NaN,NaN,NaN
08-Aug-2022 16:31:41,7261,6399,1494,707,776,425,878,652,109,436,155,889,186,171,289,153,91,259,55,1453,18,247,207,112,21,18,449,480,86,94,90,69,48,5,NaN,NaN,NaN,NaN,NaN,NaN
09-Aug-2022 16:29:55,7258,6399,1494,707,776,425,882,653,109,436,155,887,186,172,289,153,91,259,55,1456,18,248,207,112,21,18,449,482,86,95,90,69,48,5,NaN,NaN,NaN,NaN,NaN,NaN
10-Aug-2022 16:33:04,7258,6401,1494,707,776,425,883,652,109,435,155,887,186,172,291,153,91,259,55,1458,18,248,208,112,21,18,449,483,86,95,90,69,48,5,NaN,NaN,NaN,NaN,NaN,NaN
11-Aug-2022 16:29:17,7257,6401,1494,707,776,424,883,652,109,435,155,886,186,171,293,153,91,260,55,1470,18,250,209,112,20,18,448,484,86,95,90,69,48,5,NaN,NaN,NaN,NaN,NaN,NaN
12-Aug-2022 16:34:54,7257,6406,1493,707,776,424,886,653,109,436,155,885,187,173,293,153,91,260,55,1479,18,249,209,112,20,18,448,485,86,95,90,69,48,5,NaN,NaN,NaN,NaN,NaN,NaN
13-Aug-2022 16:28:00,7257,6410,1493,708,776,424,888,653,109,436,155,885,187,175,293,153,91,260,55,1480,18,249,209,112,20,18,449,485,86,95,90,69,48,5,NaN,NaN,NaN,NaN,NaN,NaN
14-Aug-2022 16:28:08,7257,6412,1493,707,776,426,889,654,109,436,155,888,189,176,294,153,91,260,55,1483,18,249,210,112,20,18,451,485,86,95,90,69,48,5,NaN,NaN,NaN,NaN,NaN,NaN
15-Aug-2022 16:32:20,7255,6412,1493,707,776,427,889,655,109,437,155,888,187,175,293,153,91,260,55,1485,18,249,210,112,20,18,451,484,86,95,90,69,48,5,NaN,NaN,NaN,NaN,NaN,NaN
16-Aug-2022 16:31:48,7256,6411,1493,707,776,427,889,655,109,441,155,887,187,175,294,153,91,261,55,1488,18,249,210,112,20,18,452,484,87,95,90,69,48,5,NaN,NaN,NaN,NaN,NaN,NaN
17-Aug-2022 16:33:46,7255,6413,1493,707,776,428,889,655,109,441,155,888,186,175,294,154,91,262,55,1488,18,249,210,112,20,18,454,485,87,95,90,69,48,5,NaN,NaN,NaN,NaN,NaN,NaN
18-Aug-2022 16:38:58,7256,6413,1493,707,775,430,889,657,109,442,155,889,186,175,296,154,91,263,55,1488,18,249,213,112,20,18,454,484,87,96,90,69,48,5,NaN,NaN,NaN,NaN,NaN,NaN
19-Aug-2022 16:33:36,7257,6416,1497,707,775,430,889,657,109,442,155,889,186,175,301,154,91,263,55,1490,18,249,213,112,20,18,453,484,88,96,90,69,48,5,NaN,NaN,NaN,NaN,NaN,NaN
20-Aug-2022 16:27:59,7256,6413,1496,708,774,431,889,657,109,442,155,891,186,175,302,154,91,263,55,1491,18,249,213,112,20,18,453,484,88,96,91,69,48,5,NaN,NaN,NaN,NaN,NaN,NaN
21-Aug-2022 16:28:58,7254,9,1496,708,774,430,889,658,109,442,155,892,186,175,303,154,91,263,55,1492,18,250,213,112,20,18,453,484,88,96,91,69,48,5,NaN,NaN,NaN,NaN,NaN,NaN
22-Aug-2022 16:29:21,7261,6419,1496,708,774,432,892,658,109,442,155,893,186,175,303,154,91,263,55,1492,18,253,213,112,20,18,453,485,88,96,91,69,49,5,NaN,NaN,NaN,NaN,NaN,NaN
23-Aug-2022 16:30:03,7263,6416,1496,710,775,432,894,659,109,442,155,892,187,175,303,154,91,263,55,1492,18,254,214,112,20,18,453,485,88,96,92,69,50,5,NaN,NaN,NaN,NaN,NaN,NaN
24-Aug-2022 16:30:46,7264,6432,1496,710,774,431,895,658,109,441,155,894,187,175,303,154,91,263,55,1495,18,254,214,112,20,18,452,485,88,96,92,69,50,5,NaN,NaN,NaN,NaN,NaN,NaN
25-Aug-2022 16:30:23,7264,6435,1496,710,774,431,895,658,109,441,155,893,187,175,304,155,91,263,55,1497,18,254,214,112,20,18,452,487,88,96,92,69,50,5,NaN,NaN,NaN,NaN,NaN,NaN
26-Aug-2022 16:30:52,7265,6443,1496,710,774,431,896,658,109,441,155,897,187,175,304,155,91,263,55,1499,18,254,214,112,20,18,455,489,88,96,92,69,50,5,NaN,NaN,NaN,NaN,NaN,NaN
27-Aug-2022 16:28:22,7267,6446,1496,710,775,432,897,660,109,442,155,900,188,175,305,155,91,263,55,1498,18,254,215,112,20,18,455,489,88,96,92,69,51,5,NaN,NaN,NaN,NaN,NaN,NaN
28-Aug-2022 16:28:55,7266,6447,1495,710,775,433,897,660,109,443,155,903,188,175,310,155,91,263,55,1498,18,254,216,112,20,18,455,490,88,96,92,69,51,5,NaN,NaN,NaN,NaN,NaN,NaN
29-Aug-2022 16:30:45,7265,6450,1496,710,775,434,897,661,109,443,155,905,188,175,311,155,91,263,55,1498,18,255,217,112,20,18,455,491,88,96,92,69,51,5,NaN,NaN,NaN,NaN,NaN,NaN
30-Aug-2022 16:33:24,7265,6450,1496,710,774,434,897,661,109,443,155,908,188,175,312,157,91,263,55,1504,18,255,217,112,20,18,455,490,88,96,92,69,51,5,NaN,NaN,NaN,NaN,NaN,NaN
31-Aug-2022 16:31:35,7264,6453,1496,710,774,434,897,662,109,443,155,908,188,175,311,158,91,263,55,1504,18,256,217,112,19,18,455,490,88,96,92,69,51,5,NaN,NaN,NaN,NaN,NaN,NaN
01-Sep-2022 16:31:33,7266,6457,1496,710,774,435,896,662,109,444,155,908,189,175,314,158,91,264,55,1503,18,256,217,112,19,18,454,490,89,96,92,69,53,5,NaN,NaN,NaN,NaN,NaN,NaN
02-Sep-2022 16:31:47,7267,6456,1495,710,774,435,895,662,109,444,155,908,189,176,314,158,91,264,55,1503,18,256,216,112,19,18,453,491,89,96,93,69,53,5,NaN,NaN,NaN,NaN,NaN,NaN
03-Sep-2022 16:28:52,7271,6460,1494,710,776,434,894,662,109,443,156,909,189,176,314,158,91,264,55,1506,18,256,215,114,19,18,453,492,89,96,93,69,53,5,NaN,NaN,NaN,NaN,NaN,NaN
04-Sep-2022 16:29:40,7276,6454,1494,710,776,433,895,662,109,443,156,911,189,176,316,159,92,264,55,1505,18,255,216,114,19,18,454,493,89,96,93,69,53,5,NaN,NaN,NaN,NaN,NaN,NaN
05-Sep-2022 16:30:22,7272,6461,1495,710,776,433,895,662,109,443,156,912,189,177,316,160,92,264,55,1507,18,255,216,114,19,18,455,492,89,96,93,69,54,5,NaN,NaN,NaN,NaN,NaN,NaN
06-Sep-2022 16:32:37,7275,6457,1495,710,776,434,897,663,109,443,156,911,191,178,317,161,92,263,55,1508,18,256,216,114,19,18,456,492,89,96,93,69,54,5,NaN,NaN,NaN,NaN,NaN,NaN
07-Sep-2022 16:33:47,7272,6458,1495,711,777,436,897,662,109,444,157,914,192,178,317,162,92,264,55,1510,18,256,216,115,19,18,457,492,89,97,93,70,54,5,NaN,NaN,NaN,NaN,NaN,NaN
08-Sep-2022 16:34:28,7274,6459,1496,712,778,438,898,662,109,444,158,918,192,180,318,164,92,264,55,1513,18,257,217,115,19,18,457,492,89,97,94,70,55,5,NaN,NaN,NaN,NaN,NaN,NaN
09-Sep-2022 16:33:02,7279,6463,1496,712,777,439,898,662,109,443,158,918,193,180,323,164,92,264,55,1514,18,258,217,115,19,18,457,492,89,97,94,70,55,5,NaN,NaN,NaN,NaN,NaN,NaN
10-Sep-2022 16:30:46,7281,6468,1495,712,778,438,898,662,109,445,158,917,194,180,324,164,92,264,55,1515,18,260,218,114,19,18,458,492,89,97,93,70,55,5,NaN,NaN,NaN,NaN,NaN,NaN
11-Sep-2022 16:31:17,7286,6473,1494,712,778,438,899,662,109,445,158,917,194,180,325,165,92,264,55,1517,18,260,218,114,19,18,458,493,89,97,93,70,55,5,NaN,NaN,NaN,NaN,NaN,NaN
12-Sep-2022 16:35:38,7287,6476,1494,712,778,438,898,662,109,445,158,917,194,180,325,165,92,264,55,1517,18,260,218,115,19,18,458,495,89,97,93,70,55,5,NaN,NaN,NaN,NaN,NaN,NaN
13-Sep-2022 16:32:52,7293,6471,1494,713,778,439,899,662,109,444,159,917,194,180,325,166,92,263,55,1517,18,260,218,115,19,18,458,495,89,96,93,70,56,5,NaN,NaN,NaN,NaN,NaN,NaN
14-Sep-2022 16:34:18,7298,6476,1494,713,779,439,899,662,109,445,159,917,194,180,325,166,92,263,55,1519,18,260,218,115,19,18,459,494,89,96,93,70,57,5,NaN,NaN,NaN,NaN,NaN,NaN
15-Sep-2022 16:33:39,7302,6486,1494,713,779,438,899,663,109,445,159,918,193,180,325,166,92,263,55,1520,18,260,218,115,19,18,459,496,89,96,93,70,57,5,NaN,NaN,NaN,NaN,NaN,NaN
16-Sep-2022 16:33:14,7299,6498,1494,712,779,438,901,664,108,446,158,919,193,180,325,166,92,262,55,1521,18,260,218,114,19,18,459,496,89,96,94,70,58,5,NaN,NaN,NaN,NaN,NaN,NaN
17-Sep-2022 16:32:03,7302,6497,1494,712,779,437,901,663,108,447,158,918,193,180,323,166,92,262,55,1521,18,260,218,114,19,18,458,496,89,96,94,70,58,5,NaN,NaN,NaN,NaN,NaN,NaN
18-Sep-2022 16:32:12,7307,6490,1494,712,779,437,901,663,108,447,158,919,192,180,323,166,92,262,55,1524,18,260,218,114,19,18,458,496,89,96,95,70,58,5,NaN,NaN,NaN,NaN,NaN,NaN
19-Sep-2022 16:34:27,7307,6498,1494,712,779,437,901,663,108,448,158,919,193,180,323,166,92,262,55,1525,18,260,218,114,19,18,458,497,89,96,95,70,58,5,NaN,NaN,NaN,NaN,NaN,NaN
20-Sep-2022 16:33:47,7308,6501,1493,712,779,437,901,664,108,448,158,919,193,180,323,166,92,261,55,1526,18,260,218,114,19,18,458,500,89,96,95,70,58,5,NaN,NaN,NaN,NaN,NaN,NaN
21-Sep-2022 16:36:49,7308,6504,1493,712,778,437,902,663,108,449,158,919,193,181,323,166,92,260,55,1529,18,261,219,114,19,18,458,500,89,96,96,70,58,5,NaN,NaN,NaN,NaN,NaN,NaN
22-Sep-2022 16:34:54,7312,6515,1493,712,778,437,902,664,108,449,158,919,193,181,324,166,93,260,55,1533,18,261,220,114,19,18,458,501,89,96,96,70,58,5,NaN,NaN,NaN,NaN,NaN,NaN
23-Sep-2022 16:35:35,7313,6528,1493,712,778,437,903,664,108,449,158,920,193,181,324,166,94,260,55,1535,18,261,220,114,19,18,461,500,89,97,96,70,58,5,NaN,NaN,NaN,NaN,NaN,NaN
24-Sep-2022 16:31:08,7320,6528,1493,712,778,437,904,666,108,448,158,923,193,181,325,166,94,259,55,1537,18,275,219,114,19,18,461,500,89,97,96,70,57,5,NaN,NaN,NaN,NaN,NaN,NaN
25-Sep-2022 16:31:53,7323,6533,1494,712,778,439,903,666,108,448,158,924,193,182,325,166,94,259,55,1539,18,280,219,114,19,18,463,500,89,96,96,70,57,5,NaN,NaN,NaN,NaN,NaN,NaN
26-Sep-2022 16:35:16,7325,6537,1494,713,778,439,904,667,108,448,158,924,193,182,326,166,94,259,55,1541,18,282,219,114,19,18,463,501,89,96,96,70,57,5,NaN,NaN,NaN,NaN,NaN,NaN
27-Sep-2022 16:39:15,7330,6540,1494,713,779,442,904,668,108,450,158,927,193,183,327,166,94,259,55,1544,18,285,220,114,19,18,465,501,89,96,97,70,57,5,NaN,NaN,NaN,NaN,NaN,NaN
28-Sep-2022 16:39:46,7334,6555,1494,713,781,446,906,666,108,450,158,928,194,182,327,166,94,259,55,1550,18,286,220,114,19,18,465,502,89,96,97,71,57,5,NaN,NaN,NaN,NaN,NaN,NaN
29-Sep-2022 16:38:34,7339,6553,1493,713,781,451,907,665,108,457,160,931,194,182,328,166,94,259,55,1551,18,288,220,114,19,18,466,502,89,96,97,71,57,5,NaN,NaN,NaN,NaN,NaN,NaN
30-Sep-2022 16:39:49,7336,6555,1494,712,780,453,907,664,107,458,159,935,194,181,329,166,94,260,55,1552,18,288,220,114,19,18,464,500,89,97,97,71,57,5,NaN,NaN,NaN,NaN,NaN,NaN
01-Oct-2022 16:34:08,7336,6556,1494,712,780,458,908,664,107,460,159,937,194,181,330,166,94,260,55,1555,18,288,220,114,19,18,464,500,88,97,97,71,57,5,NaN,NaN,NaN,NaN,NaN,NaN
02-Oct-2022 16:33:34,7333,6559,1494,712,780,460,908,664,107,460,159,937,194,181,330,166,94,260,55,1557,18,287,220,114,19,18,465,500,88,96,97,71,57,5,NaN,NaN,NaN,NaN,NaN,NaN
03-Oct-2022 16:40:19,7328,6561,1494,712,780,460,909,665,107,460,159,937,194,181,331,166,94,260,54,1562,18,286,221,114,19,18,465,500,88,96,97,71,57,5,NaN,NaN,NaN,NaN,NaN,NaN
04-Oct-2022 16:38:56,7328,6563,1493,712,779,460,908,666,107,461,158,941,194,180,332,166,94,260,54,1562,18,286,220,114,19,18,465,501,88,96,97,71,57,5,NaN,NaN,NaN,NaN,NaN,NaN
05-Oct-2022 16:55:11,7329,6571,1491,712,779,461,910,666,107,461,158,945,194,180,332,166,95,261,54,1563,18,286,220,114,19,18,465,501,88,97,97,71,57,5,NaN,NaN,NaN,NaN,NaN,NaN
06-Oct-2022 16:39:00,7328,6576,1491,713,779,460,910,666,107,462,159,946,193,180,331,165,95,261,54,1565,18,286,220,114,19,18,465,503,88,96,97,71,57,5,NaN,NaN,NaN,NaN,NaN,NaN
07-Oct-2022 16:39:30,7331,6576,1491,713,779,460,910,666,108,462,159,949,193,181,331,167,95,261,54,1566,18,288,220,115,19,18,466,503,88,97,97,72,57,5,NaN,NaN,NaN,NaN,NaN,NaN
08-Oct-2022 16:33:31,7330,6579,1491,712,778,461,910,666,107,463,158,949,191,180,332,168,95,261,54,1565,18,288,220,115,19,18,466,502,88,96,97,72,57,5,NaN,NaN,NaN,NaN,NaN,NaN
09-Oct-2022 16:34:07,7329,6579,1492,713,778,462,910,666,108,463,159,947,191,180,331,168,95,261,54,1566,18,286,220,115,19,18,467,504,88,97,97,72,57,5,NaN,NaN,NaN,NaN,NaN,NaN
10-Oct-2022 16:38:50,7333,6578,1492,713,778,463,911,667,108,463,159,948,191,181,332,168,95,261,54,1565,18,285,220,115,19,18,468,506,88,97,97,72,57,5,NaN,NaN,NaN,NaN,NaN,NaN
11-Oct-2022 16:37:53,7333,6577,1490,713,777,463,911,666,108,463,159,952,192,182,333,168,95,261,54,1566,18,285,219,115,19,18,468,504,88,96,96,72,57,5,NaN,NaN,NaN,NaN,NaN,NaN
12-Oct-2022 16:47:31,7333,6591,1489,713,777,464,911,668,108,463,159,957,192,182,333,168,95,261,54,1566,18,285,219,115,19,18,468,505,88,97,96,72,57,5,NaN,NaN,NaN,NaN,NaN,NaN
13-Oct-2022 16:38:39,7335,6597,1490,713,777,464,911,669,108,464,159,961,192,182,334,168,95,261,54,1569,18,287,219,115,19,18,469,507,88,97,96,72,57,5,NaN,NaN,NaN,NaN,NaN,NaN
14-Oct-2022 16:37:15,7334,6602,1490,713,777,464,911,669,108,464,159,965,192,182,334,170,95,261,54,1571,18,288,219,115,19,18,471,510,88,96,96,72,57,5,NaN,NaN,NaN,NaN,NaN,NaN
15-Oct-2022 16:35:01,7336,6614,1489,713,777,465,914,669,108,464,159,968,192,182,334,170,95,261,54,1576,18,288,219,115,19,18,471,510,88,97,96,72,57,5,NaN,NaN,NaN,NaN,NaN,NaN
16-Oct-2022 16:34:48,7335,6624,1489,713,777,465,915,670,108,464,159,969,192,182,334,170,95,261,54,1579,18,288,219,115,19,18,471,509,88,96,96,72,57,5,NaN,NaN,NaN,NaN,NaN,NaN
17-Oct-2022 16:45:07,7340,6629,1489,713,777,464,915,670,108,464,159,972,192,183,333,170,95,261,54,1579,18,290,219,115,19,18,471,509,88,96,96,72,57,5,NaN,NaN,NaN,NaN,NaN,NaN
18-Oct-2022 16:40:35,7344,6632,1488,713,777,464,917,670,108,464,159,975,192,186,332,170,95,261,54,1579,18,290,218,115,19,18,471,511,88,96,96,72,57,5,NaN,NaN,NaN,NaN,NaN,NaN
19-Oct-2022 16:42:48,7344,6634,1488,714,778,466,917,670,109,463,160,976,192,187,332,172,95,261,54,1582,18,290,218,115,19,18,471,513,88,97,96,79,57,5,NaN,NaN,NaN,NaN,NaN,NaN
20-Oct-2022 16:40:01,7348,6637,1489,714,777,466,917,670,109,467,160,977,191,187,333,172,95,261,54,1584,18,290,218,115,19,18,471,514,88,96,96,82,57,5,NaN,NaN,NaN,NaN,NaN,NaN
21-Oct-2022 16:39:39,7354,6647,1488,715,777,469,918,671,109,467,160,978,191,188,334,174,95,261,54,1588,18,290,219,114,19,18,472,515,88,96,96,83,57,5,NaN,NaN,NaN,NaN,NaN,NaN
22-Oct-2022 16:35:30,7359,6652,1488,715,777,471,918,671,109,467,160,979,192,188,338,174,95,261,55,1593,18,291,219,114,19,18,472,515,88,96,97,85,57,5,NaN,NaN,NaN,NaN,NaN,NaN
23-Oct-2022 16:35:31,7362,6654,1488,715,777,472,918,672,109,467,160,981,192,188,339,174,95,261,55,1595,18,292,219,114,19,18,472,515,88,96,97,86,57,5,NaN,NaN,NaN,NaN,NaN,NaN
24-Oct-2022 16:40:23,7370,6658,1488,715,777,477,917,674,109,469,160,984,193,187,338,175,95,261,55,1601,18,293,226,114,19,18,471,518,88,97,97,87,57,5,NaN,NaN,NaN,NaN,NaN,NaN
25-Oct-2022 16:45:57,7373,6673,1488,715,777,477,918,673,109,471,160,986,193,187,337,176,95,261,56,1606,18,292,227,114,19,18,471,518,88,96,97,87,57,5,NaN,NaN,NaN,NaN,NaN,NaN
26-Oct-2022 16:34:23,7375,6675,1487,715,778,478,921,673,109,472,160,994,193,187,338,177,95,261,57,1609,18,300,227,114,19,18,471,518,88,97,97,87,57,5,64,NaN,NaN,NaN,NaN,NaN
27-Oct-2022 16:34:59,7379,6684,1487,715,778,478,922,675,109,472,161,996,192,187,345,177,95,261,58,1617,18,307,226,115,19,19,472,519,89,97,97,88,57,5,79,NaN,NaN,NaN,NaN,NaN
28-Oct-2022 16:31:00,7386,6683,1488,714,777,480,921,673,108,472,164,998,192,187,344,177,96,261,58,1619,18,309,226,115,19,19,472,518,90,97,97,88,57,5,84,NaN,NaN,NaN,NaN,NaN
29-Oct-2022 16:30:19,7388,6686,1488,714,777,480,921,673,108,472,164,998,192,185,343,177,96,261,58,1615,18,310,226,115,19,19,471,519,90,96,96,88,57,5,84,NaN,NaN,NaN,NaN,NaN
30-Oct-2022 16:30:59,7390,6690,1488,714,778,481,921,672,109,472,165,1003,193,185,342,179,96,261,58,1616,18,312,226,115,20,19,471,519,90,96,96,88,57,5,84,NaN,NaN,NaN,NaN,NaN
31-Oct-2022 16:35:25,7394,6704,1488,715,780,481,922,673,110,471,166,1003,193,185,342,179,96,261,58,1618,18,312,226,115,20,19,471,520,90,96,96,88,57,5,84,NaN,NaN,NaN,NaN,NaN
01-Nov-2022 16:35:55,7399,6726,1488,715,780,482,922,674,110,471,166,1006,193,186,346,180,96,261,58,1632,18,314,226,116,20,19,471,523,90,96,96,88,57,5,85,NaN,NaN,NaN,NaN,NaN
02-Nov-2022 16:36:47,7401,6737,1487,714,781,482,923,675,110,472,166,1006,192,186,347,180,96,260,59,1635,18,314,226,116,20,19,471,524,90,97,96,88,57,5,86,NaN,NaN,NaN,NaN,NaN
03-Nov-2022 16:33:09,7406,6740,1488,714,782,483,923,677,110,473,166,1007,192,186,348,180,96,260,60,1636,18,314,226,115,20,19,472,524,90,96,96,88,57,5,87,NaN,NaN,NaN,NaN,NaN
04-Nov-2022 16:31:04,7408,6748,1488,714,782,483,923,681,110,472,166,1008,193,186,348,180,96,260,60,1638,18,314,226,115,20,19,472,524,90,95,96,88,57,5,87,NaN,NaN,NaN,NaN,NaN
05-Nov-2022 16:28:29,7410,6753,1488,714,783,485,923,682,109,473,166,1014,193,186,349,180,96,260,60,1642,18,314,226,115,20,19,473,524,90,95,96,89,57,5,87,NaN,NaN,NaN,NaN,NaN
06-Nov-2022 16:29:53,7415,6755,1488,715,784,484,923,683,109,474,167,1015,194,186,349,181,96,260,60,1641,18,314,229,115,20,19,473,525,90,96,96,90,57,5,87,NaN,NaN,NaN,NaN,NaN
07-Nov-2022 16:30:45,7413,6758,1488,715,784,485,922,683,109,473,167,1015,194,186,350,181,96,260,60,1642,18,314,229,115,20,19,472,525,90,96,96,90,57,5,87,NaN,NaN,NaN,NaN,NaN
08-Nov-2022 16:35:00,7419,6763,1486,717,785,484,923,683,108,474,166,1014,193,187,351,180,96,261,60,1642,18,314,229,115,19,19,472,527,89,97,96,90,57,5,88,NaN,NaN,NaN,NaN,NaN
09-Nov-2022 16:31:38,7418,6768,1486,717,786,485,925,683,108,474,166,1015,194,187,352,181,96,261,60,1646,18,317,229,115,19,19,472,528,89,97,95,90,57,5,88,NaN,NaN,NaN,NaN,NaN
10-Nov-2022 16:31:55,7428,6772,1486,717,786,484,926,684,108,475,167,1015,195,187,352,183,96,261,60,1650,18,319,229,115,19,19,473,529,89,98,95,90,57,5,89,NaN,NaN,NaN,NaN,NaN
11-Nov-2022 16:31:14,7432,6776,1486,716,787,484,927,685,108,475,167,1017,196,187,353,184,96,261,60,1653,18,317,229,115,19,19,473,529,89,98,96,90,57,5,90,NaN,NaN,NaN,NaN,NaN
12-Nov-2022 16:29:20,7428,6772,1486,715,789,484,929,685,108,480,167,1019,196,188,354,184,96,261,60,1651,18,316,228,115,19,19,472,529,89,97,96,90,57,5,91,NaN,NaN,NaN,NaN,NaN
13-Nov-2022 16:29:28,7432,6778,1486,715,789,484,928,683,108,480,167,1019,196,188,354,184,96,262,60,1652,18,317,228,115,19,19,472,531,89,98,96,89,57,5,91,NaN,NaN,NaN,NaN,NaN
14-Nov-2022 16:31:56,7435,6779,1485,715,791,485,929,685,108,481,168,1022,196,188,359,185,97,263,60,1657,18,317,229,115,19,19,472,532,89,97,96,89,57,5,91,NaN,NaN,NaN,NaN,NaN
15-Nov-2022 16:31:13,7439,6787,1485,715,792,490,929,685,108,480,168,1023,196,188,359,185,97,263,61,1660,18,318,229,115,19,19,472,533,90,97,96,89,57,5,92,NaN,NaN,NaN,NaN,NaN
16-Nov-2022 16:30:12,7445,6802,1485,715,793,490,930,685,108,479,169,1023,196,188,360,185,97,263,61,1662,18,318,229,115,19,19,473,533,90,98,96,90,57,5,94,NaN,NaN,NaN,NaN,NaN
17-Nov-2022 16:30:10,7445,6813,1484,715,793,492,934,686,108,479,169,1023,195,188,363,185,97,263,61,1664,18,319,229,115,19,19,473,534,90,97,96,90,57,5,95,NaN,NaN,NaN,NaN,NaN
18-Nov-2022 16:29:00,7442,6815,1484,715,793,492,940,687,108,479,169,1024,195,188,364,185,97,264,62,1668,18,320,229,115,19,19,473,534,90,98,96,90,57,5,96,NaN,NaN,NaN,NaN,NaN
19-Nov-2022 16:27:59,7442,6825,1484,715,793,492,946,687,108,479,169,1024,195,188,365,185,97,264,62,1673,18,320,229,115,19,19,473,536,90,97,96,91,57,5,96,NaN,NaN,NaN,NaN,NaN
20-Nov-2022 16:28:19,7444,6825,1483,715,793,492,949,688,108,479,170,1025,195,188,365,185,97,264,62,1672,18,325,229,115,19,19,474,535,90,98,96,91,57,5,97,NaN,NaN,NaN,NaN,NaN
21-Nov-2022 16:30:44,7446,6839,1483,715,791,491,950,687,108,477,169,1025,195,188,365,185,96,264,62,1674,18,332,229,114,19,19,473,534,90,97,96,91,57,5,97,NaN,NaN,NaN,NaN,NaN
22-Nov-2022 16:29:59,7447,6841,1482,715,792,491,954,694,108,478,169,1027,195,188,365,185,96,264,62,1676,18,332,229,114,19,19,473,534,90,97,96,91,57,5,98,NaN,NaN,NaN,NaN,NaN
23-Nov-2022 16:28:01,7453,6846,1482,715,794,492,956,694,108,478,169,1030,195,189,370,185,96,264,62,1685,18,333,228,114,19,19,473,535,90,97,96,91,57,5,99,NaN,NaN,NaN,NaN,NaN
24-Nov-2022 16:27:27,7451,6840,1481,715,791,493,954,693,108,477,169,1032,195,189,370,185,96,264,62,1682,18,333,228,114,19,19,473,535,90,98,96,91,57,5,99,NaN,NaN,NaN,NaN,NaN
25-Nov-2022 16:27:08,7453,6848,1481,715,791,493,953,694,108,477,169,1032,196,189,371,185,96,264,62,1681,18,334,228,114,19,19,473,535,90,97,96,91,57,5,99,NaN,NaN,NaN,NaN,NaN
26-Nov-2022 16:26:21,7455,6853,1481,715,791,493,958,695,108,477,169,1034,196,189,374,185,96,264,62,1683,18,333,228,114,19,19,474,537,90,98,96,92,57,5,99,NaN,NaN,NaN,NaN,NaN
27-Nov-2022 16:26:16,7453,6852,1480,715,791,492,959,695,108,477,169,1035,196,189,374,185,96,264,62,1684,18,333,227,114,19,19,474,536,90,97,96,92,57,5,102,NaN,NaN,NaN,NaN,NaN
28-Nov-2022 16:23:41,7454,6857,1480,715,792,492,959,696,108,477,169,1034,196,189,377,185,96,264,62,1693,18,333,227,114,19,19,476,537,91,97,95,93,57,5,102,NaN,NaN,NaN,NaN,NaN
29-Nov-2022 16:28:16,7451,6858,1480,715,791,494,960,695,108,477,169,1033,196,190,375,188,96,264,62,1696,18,333,227,114,19,19,476,537,91,97,95,93,57,5,103,NaN,NaN,NaN,NaN,NaN
30-Nov-2022 16:28:12,7452,6862,1480,716,792,494,959,696,108,482,169,1034,196,191,377,189,96,264,62,1703,18,333,227,114,19,19,476,537,91,97,96,93,57,5,103,NaN,NaN,NaN,NaN,NaN
01-Dec-2022 16:31:24,7454,6870,1480,718,794,496,961,696,108,483,169,1035,197,192,381,188,96,264,62,1708,18,333,228,114,19,19,476,538,91,97,96,93,58,5,103,NaN,NaN,NaN,NaN,NaN
02-Dec-2022 16:25:51,7455,6880,1480,718,794,497,963,696,108,483,169,1035,197,192,382,188,96,264,61,1708,18,333,228,114,19,19,476,538,91,97,96,93,58,5,104,NaN,NaN,NaN,NaN,NaN
03-Dec-2022 16:24:30,7454,6887,1480,718,793,498,964,697,108,483,169,1036,197,192,383,190,96,264,61,1711,18,333,228,114,19,19,477,538,91,97,96,93,58,5,104,NaN,NaN,NaN,NaN,NaN
04-Dec-2022 16:24:51,7453,6893,1480,717,794,501,967,697,108,483,169,1039,197,192,383,190,96,264,61,1711,18,334,228,114,19,19,477,539,91,97,96,93,58,5,105,NaN,NaN,NaN,NaN,NaN
05-Dec-2022 16:26:45,7454,6899,1479,717,794,501,968,698,109,483,169,1040,197,192,383,190,96,264,61,1716,18,334,230,114,19,19,477,539,92,97,96,93,58,5,105,NaN,NaN,NaN,NaN,NaN
06-Dec-2022 16:26:08,7456,6903,1477,717,794,502,968,698,109,483,169,1041,198,193,386,190,96,264,61,1723,18,335,235,114,19,19,479,539,92,96,96,93,58,5,105,NaN,NaN,NaN,NaN,NaN
07-Dec-2022 16:27:00,7456,6906,1477,717,794,502,968,699,109,483,169,1041,198,193,387,190,96,264,61,1726,18,335,238,114,19,19,480,540,92,96,96,93,58,5,105,NaN,NaN,NaN,NaN,NaN
08-Dec-2022 16:27:15,7459,6909,1477,717,794,506,967,699,109,483,169,1051,198,193,387,190,96,264,61,1728,18,336,238,115,19,19,481,540,92,97,96,93,58,5,105,NaN,NaN,NaN,NaN,NaN
09-Dec-2022 16:26:32,7462,6915,1477,717,793,506,967,700,109,483,169,1052,198,193,386,190,95,264,61,1731,18,336,238,115,19,19,482,540,92,97,96,93,58,5,105,NaN,NaN,NaN,NaN,NaN
10-Dec-2022 16:24:59,7463,6918,1475,718,794,505,968,699,109,483,169,1054,198,193,387,190,95,264,61,1733,18,336,239,115,19,19,482,542,92,97,96,94,58,5,105,NaN,NaN,NaN,NaN,NaN
11-Dec-2022 16:25:02,7462,6921,1475,718,794,505,968,700,109,483,169,1053,198,193,386,190,95,264,61,1735,18,336,239,115,19,19,483,543,92,95,96,94,58,5,106,NaN,NaN,NaN,NaN,NaN
12-Dec-2022 16:27:52,7461,6931,1475,718,794,505,967,701,109,483,169,1056,198,193,386,190,95,264,61,1736,18,336,240,115,19,19,483,545,92,95,96,94,58,5,106,NaN,NaN,NaN,NaN,NaN
13-Dec-2022 16:26:58,7461,6941,1475,718,794,505,967,702,109,483,169,1057,198,193,386,190,95,264,61,1737,18,335,240,115,19,20,485,544,92,95,96,94,58,5,106,NaN,NaN,NaN,NaN,NaN
14-Dec-2022 16:26:54,7460,6949,1474,718,793,505,965,701,109,483,169,1058,198,194,387,190,96,264,62,1737,18,335,241,115,19,20,484,544,91,95,96,94,58,5,106,NaN,NaN,NaN,NaN,NaN
15-Dec-2022 16:26:50,7462,6972,1474,717,794,504,965,702,109,484,169,1060,198,194,389,190,96,264,62,1738,18,335,240,115,19,20,485,545,92,95,96,94,58,5,106,NaN,NaN,NaN,NaN,NaN
16-Dec-2022 16:24:44,7465,6983,1473,717,793,502,964,700,109,483,168,1060,198,193,390,190,96,264,62,1740,18,336,240,115,19,20,485,548,92,95,97,94,58,5,106,NaN,NaN,NaN,NaN,NaN
17-Dec-2022 16:23:10,7464,6983,1472,718,792,502,965,700,109,483,168,1060,199,193,392,190,97,265,62,1740,18,336,240,115,19,20,485,548,92,97,97,94,58,5,106,NaN,NaN,NaN,NaN,NaN
18-Dec-2022 16:23:20,7467,6988,1471,718,792,504,965,700,109,483,168,1061,199,193,393,190,97,265,62,1741,18,336,239,115,19,20,486,549,92,96,97,96,58,5,106,NaN,NaN,NaN,NaN,NaN
19-Dec-2022 16:27:22,7468,6994,1471,718,792,504,965,701,109,483,168,1062,199,193,393,190,97,265,62,1743,18,335,240,115,19,20,486,550,92,96,97,97,58,5,107,NaN,NaN,NaN,NaN,NaN
20-Dec-2022 16:26:25,7469,7000,1470,718,792,505,967,703,109,483,168,1061,199,193,393,190,97,265,62,1744,18,337,240,115,19,20,487,551,92,96,97,99,58,5,109,NaN,NaN,NaN,NaN,NaN
21-Dec-2022 16:26:04,7469,7013,1470,718,792,504,971,703,109,483,168,1064,199,193,393,190,97,265,62,1747,18,337,240,115,19,20,487,549,92,96,97,99,58,5,110,NaN,NaN,NaN,NaN,NaN
22-Dec-2022 16:25:11,7470,7013,1471,718,792,505,974,704,109,483,170,1068,199,193,394,190,97,265,62,1747,18,337,239,115,19,20,489,549,92,96,97,99,59,5,110,NaN,NaN,NaN,NaN,NaN
23-Dec-2022 16:24:52,7470,7016,1470,718,792,505,974,704,109,484,170,1068,199,194,394,191,97,265,62,1748,18,337,239,115,19,20,489,549,92,97,98,99,59,5,110,NaN,NaN,NaN,NaN,NaN
24-Dec-2022 16:24:21,7471,7020,1470,718,792,506,975,704,109,484,170,1070,199,195,395,192,97,265,62,1750,18,338,239,115,19,20,489,550,92,96,98,99,59,5,110,NaN,NaN,NaN,NaN,NaN
25-Dec-2022 16:23:43,7467,7023,1470,718,792,507,976,704,109,484,170,1074,199,194,396,192,97,265,62,1755,18,340,239,115,19,20,489,550,92,96,98,99,59,5,110,NaN,NaN,NaN,NaN,NaN
26-Dec-2022 16:23:50,7469,7029,1470,719,792,508,978,704,109,484,170,1074,200,194,396,192,97,265,62,1763,18,341,239,115,19,20,492,550,92,96,98,99,59,5,110,NaN,NaN,NaN,NaN,NaN
27-Dec-2022 16:24:34,7473,7052,1470,719,793,508,978,704,109,483,170,1076,201,194,397,193,97,265,62,1765,18,342,240,115,19,20,492,552,92,96,98,99,59,5,111,NaN,NaN,NaN,NaN,NaN
28-Dec-2022 16:24:08,7470,7114,1470,721,794,507,978,704,109,483,170,1076,201,195,398,194,98,265,62,1767,18,342,241,115,19,21,492,554,92,99,97,99,60,5,110,NaN,NaN,NaN,NaN,NaN
29-Dec-2022 16:24:41,7469,7122,1469,721,795,510,978,704,109,483,170,1076,201,195,399,194,98,265,62,1769,18,342,243,115,19,21,492,553,92,99,97,99,61,5,110,NaN,NaN,NaN,NaN,NaN
30-Dec-2022 16:23:48,7470,7136,1469,721,795,510,979,705,109,483,170,1079,201,195,400,194,98,265,63,1772,18,343,244,117,19,21,494,553,93,99,97,100,61,5,113,NaN,NaN,NaN,NaN,NaN
31-Dec-2022 16:23:11,7472,7139,1469,722,795,510,980,705,109,483,170,1078,201,195,400,194,98,265,63,1775,18,343,244,117,19,21,496,553,93,99,97,100,61,5,113,NaN,NaN,NaN,NaN,NaN
01-Jan-2023 16:23:24,7472,7149,1469,722,795,510,980,705,109,483,170,1080,201,195,403,194,98,265,63,1776,18,343,244,117,19,21,497,553,92,99,97,100,61,5,113,NaN,NaN,NaN,NaN,NaN
02-Jan-2023 16:25:00,7473,7147,1466,722,796,510,981,706,109,483,170,1083,201,195,403,194,98,265,63,1776,18,343,244,117,19,21,500,553,92,99,98,100,61,5,113,NaN,NaN,NaN,NaN,NaN
03-Jan-2023 16:26:38,7471,7151,1466,722,796,510,981,706,109,483,170,1083,201,195,402,194,98,265,64,1777,18,344,244,117,19,21,500,554,91,99,99,100,62,5,113,NaN,NaN,NaN,NaN,NaN
04-Jan-2023 16:31:50,7471,7149,1466,722,797,528,981,706,109,483,170,1082,206,196,402,195,98,265,65,1777,18,344,245,117,19,21,505,555,91,97,100,101,62,5,115,NaN,NaN,NaN,NaN,NaN
05-Jan-2023 16:28:15,7471,7159,1466,722,797,535,981,706,109,483,170,1082,206,197,403,197,98,265,65,1778,18,346,246,117,19,21,509,555,92,98,101,101,62,6,116,NaN,NaN,NaN,NaN,NaN
06-Jan-2023 16:27:44,7470,7161,1464,722,797,536,983,707,109,483,171,1080,206,197,404,197,100,265,65,1777,18,345,246,117,19,21,509,554,92,101,102,101,62,6,116,NaN,NaN,NaN,NaN,NaN
07-Jan-2023 16:23:31,7467,7160,1462,721,797,537,986,706,109,484,172,1079,206,197,404,197,100,265,65,1776,18,356,246,117,19,21,511,554,92,101,102,101,62,6,117,NaN,NaN,NaN,NaN,NaN
08-Jan-2023 16:24:15,7469,7158,1460,721,797,536,988,707,109,485,172,1078,206,197,406,197,100,265,65,1777,18,363,246,117,19,21,513,554,92,101,102,102,63,6,117,NaN,NaN,NaN,NaN,NaN
09-Jan-2023 16:32:33,7463,7159,1461,720,798,536,988,706,109,486,172,1079,207,196,406,197,100,265,66,1781,18,363,245,117,19,21,511,553,92,101,102,102,63,6,117,NaN,NaN,NaN,NaN,NaN
10-Jan-2023 16:28:51,7464,7163,1461,721,799,539,990,706,109,485,172,1082,207,197,406,198,100,266,66,1783,18,363,245,118,19,21,513,553,92,101,102,102,63,6,117,NaN,NaN,NaN,NaN,NaN
11-Jan-2023 16:34:33,7466,7170,1461,721,799,539,990,708,109,485,172,1083,207,196,407,197,100,266,66,1786,18,362,245,118,19,21,513,553,92,101,101,102,63,6,117,NaN,NaN,NaN,NaN,NaN
12-Jan-2023 16:41:30,7470,7185,1461,722,800,540,990,709,109,485,172,1084,207,197,410,197,100,266,66,1790,18,362,245,118,19,21,513,553,92,100,105,102,63,6,117,NaN,NaN,NaN,NaN,NaN
13-Jan-2023 16:31:04,7470,7194,1461,722,799,540,991,711,109,490,172,1084,207,197,412,197,100,266,66,1794,18,363,245,119,19,21,515,553,92,100,105,102,63,6,117,NaN,NaN,NaN,NaN,NaN
14-Jan-2023 16:23:38,7471,7213,1460,721,799,540,991,710,109,496,172,1085,206,197,412,197,100,266,66,1801,18,363,245,119,19,21,519,555,92,100,105,102,63,6,118,NaN,NaN,NaN,NaN,NaN
15-Jan-2023 16:23:05,7471,7230,1459,721,798,540,992,715,109,499,172,1086,207,198,413,197,100,266,66,1802,18,362,245,119,19,21,522,555,92,100,105,102,63,6,118,NaN,NaN,NaN,NaN,NaN
16-Jan-2023 16:25:05,7470,7234,1459,721,798,541,991,714,109,501,172,1087,207,200,414,197,100,266,66,1807,18,362,245,119,19,21,523,556,92,100,105,102,63,6,118,NaN,NaN,NaN,NaN,NaN
17-Jan-2023 16:25:04,7473,7236,1460,721,799,542,992,714,109,502,172,1087,210,201,415,198,100,266,66,1809,18,363,245,119,19,21,523,557,91,100,107,102,63,6,118,NaN,NaN,NaN,NaN,NaN
18-Jan-2023 16:25:32,7473,7240,1459,722,799,543,993,715,109,504,172,1089,211,203,418,198,100,266,66,1811,18,363,245,119,19,21,523,557,91,100,107,102,63,6,118,NaN,NaN,NaN,NaN,NaN
19-Jan-2023 16:26:54,7474,7243,1459,722,800,543,993,716,109,505,173,1091,211,203,419,198,100,266,66,1810,18,363,245,119,19,21,523,558,91,100,107,102,63,6,118,NaN,NaN,NaN,NaN,NaN
20-Jan-2023 16:25:56,7475,7255,1459,723,801,543,994,716,109,504,173,1091,211,203,420,198,100,266,65,1813,18,364,245,119,19,21,523,558,91,100,107,102,63,6,118,NaN,NaN,NaN,NaN,NaN
21-Jan-2023 16:23:41,7476,7291,1456,723,802,544,994,715,109,505,173,1093,211,204,420,198,101,266,65,1814,18,363,245,119,19,21,524,558,91,100,107,102,63,6,118,NaN,NaN,NaN,NaN,NaN
22-Jan-2023 16:23:30,7478,7300,1455,723,802,544,994,717,109,505,173,1094,211,204,422,198,101,266,65,1816,18,362,245,119,19,21,526,557,91,100,107,102,63,6,118,NaN,NaN,NaN,NaN,NaN
23-Jan-2023 16:25:13,7476,7307,1455,723,803,545,995,717,109,505,173,1090,211,204,422,198,101,266,65,1817,18,362,245,119,19,21,530,559,90,100,107,102,63,6,118,NaN,NaN,NaN,NaN,NaN
24-Jan-2023 16:25:19,7472,7315,1455,723,803,546,996,716,109,505,173,1091,212,205,421,199,101,266,65,1817,18,362,246,118,19,21,531,560,90,101,108,103,63,6,119,NaN,NaN,NaN,NaN,NaN
25-Jan-2023 16:25:27,7471,7327,1455,723,803,546,1000,716,109,505,173,1091,212,205,421,199,101,266,65,1819,18,363,246,118,19,21,531,560,90,101,108,103,63,6,119,NaN,NaN,NaN,NaN,NaN
26-Jan-2023 16:24:16,7473,7323,1454,722,802,545,1003,715,108,504,172,1089,211,204,421,199,101,266,65,1822,18,363,245,118,19,21,531,560,90,101,107,103,62,6,119,NaN,NaN,NaN,NaN,NaN
27-Jan-2023 16:24:25,7469,7325,1454,721,802,546,1004,715,108,504,172,1089,211,204,423,199,101,266,65,1822,18,363,245,118,19,21,531,560,90,101,107,103,62,6,120,NaN,NaN,NaN,NaN,NaN
28-Jan-2023 16:23:07,7468,7325,1454,721,803,547,1004,715,108,504,172,1089,211,204,423,199,101,266,65,1825,18,363,244,118,19,21,531,560,90,101,108,103,62,6,120,NaN,NaN,NaN,NaN,NaN
29-Jan-2023 16:23:02,7467,7332,1454,721,803,548,1006,716,108,504,172,1091,211,204,424,199,101,266,65,1826,18,363,245,118,19,21,531,562,90,101,109,104,62,6,120,NaN,NaN,NaN,NaN,NaN
30-Jan-2023 16:25:38,7466,7338,1454,721,803,548,1006,716,108,504,172,1090,211,205,424,199,101,266,65,1828,18,363,245,118,19,21,531,562,90,101,109,104,62,6,120,NaN,NaN,NaN,NaN,NaN
31-Jan-2023 16:25:25,7465,7340,1454,719,801,555,1006,715,108,504,171,1090,211,205,424,199,101,266,65,1828,18,363,245,118,19,21,531,562,90,101,109,105,62,6,120,NaN,NaN,NaN,NaN,NaN
01-Feb-2023 16:25:08,7471,7352,1454,720,802,559,1006,716,108,504,172,1092,211,205,425,199,101,266,66,1831,18,364,246,118,19,21,531,563,90,101,109,105,62,6,120,NaN,NaN,NaN,NaN,NaN
02-Feb-2023 16:26:03,7471,7355,1454,720,802,560,1008,715,108,505,172,1093,211,204,425,198,101,266,65,1831,18,366,246,118,19,21,532,563,90,101,109,105,62,6,120,NaN,NaN,NaN,NaN,NaN
03-Feb-2023 16:25:02,7472,7355,1454,719,800,560,1005,712,107,505,171,1092,211,204,428,198,101,266,65,1831,18,366,245,118,19,21,533,563,90,101,109,105,62,6,120,NaN,NaN,NaN,NaN,NaN
04-Feb-2023 16:24:05,7475,7387,1454,720,801,562,1005,714,108,504,172,1094,212,206,430,198,100,266,65,1835,18,367,245,118,19,21,534,565,90,101,109,105,62,6,120,NaN,NaN,NaN,NaN,NaN
05-Feb-2023 16:23:33,7478,7425,1453,720,800,562,1005,714,108,504,172,1096,212,206,430,198,100,266,65,1835,18,367,245,118,19,21,535,567,89,101,109,105,62,6,120,NaN,NaN,NaN,NaN,NaN
06-Feb-2023 16:27:13,7480,7425,1454,720,800,562,1003,713,108,504,173,1096,212,207,430,198,100,266,65,1835,18,367,244,118,19,21,535,567,89,102,109,105,63,6,120,NaN,NaN,NaN,NaN,NaN
07-Feb-2023 16:25:58,7480,7436,1454,720,802,563,1004,714,108,506,173,1098,212,207,432,198,100,266,65,1837,18,368,244,118,19,21,536,567,89,102,110,105,63,6,121,NaN,NaN,NaN,NaN,NaN
08-Feb-2023 16:26:39,7479,7457,1454,723,801,568,1004,715,108,506,173,1097,212,207,433,198,102,266,65,1840,18,370,244,118,19,21,536,567,89,102,110,105,63,6,121,NaN,NaN,NaN,NaN,NaN
09-Feb-2023 16:27:07,7478,7451,1454,724,801,569,1005,716,108,506,173,1096,212,207,435,198,102,266,65,1840,18,370,244,118,19,21,536,567,89,102,111,105,63,6,121,NaN,NaN,NaN,NaN,NaN
10-Feb-2023 16:26:41,7479,7462,1453,724,801,571,1005,716,108,506,173,1096,212,207,438,198,102,266,65,1842,18,370,244,118,19,21,537,567,89,102,111,105,63,6,121,NaN,NaN,NaN,NaN,NaN
11-Feb-2023 16:24:10,7482,7465,1453,724,802,573,1005,716,108,506,173,1097,212,207,438,198,102,266,66,1843,18,371,245,118,16,21,537,567,89,102,111,105,63,6,121,NaN,NaN,NaN,NaN,NaN
12-Feb-2023 16:23:25,7488,7471,1453,724,803,573,1004,717,108,506,173,1100,212,207,438,198,102,266,66,1845,18,371,245,118,16,21,538,568,89,102,111,105,63,6,121,NaN,NaN,NaN,NaN,NaN
13-Feb-2023 16:26:29,7489,7486,1453,724,804,574,1008,719,108,507,173,1101,212,208,438,198,103,266,66,1856,18,373,247,118,16,21,538,568,89,102,111,105,63,6,121,NaN,NaN,NaN,NaN,NaN
14-Feb-2023 16:26:59,7488,7501,1452,724,803,574,1008,720,108,509,173,1100,212,209,438,199,103,266,68,1864,18,373,247,118,16,21,538,570,89,102,111,105,63,6,121,NaN,NaN,NaN,NaN,NaN
15-Feb-2023 16:27:20,7491,7595,1452,724,805,575,1019,718,108,510,174,1103,213,212,440,200,105,267,69,1871,19,374,248,119,16,22,539,573,91,101,112,106,65,6,122,NaN,NaN,NaN,NaN,NaN
16-Feb-2023 16:26:41,7492,7619,1451,724,806,573,1024,720,108,510,175,1103,213,212,440,200,106,267,69,1873,19,374,248,119,16,22,541,575,91,101,112,106,65,6,122,NaN,NaN,NaN,NaN,NaN
17-Feb-2023 16:25:50,7497,7636,1451,725,807,575,1024,726,108,510,175,1105,213,212,442,200,107,268,69,1877,19,375,248,119,16,22,542,576,91,101,112,106,66,6,122,18,NaN,NaN,NaN,NaN
18-Feb-2023 16:24:25,7502,7651,1450,725,807,576,1024,726,108,510,175,1105,213,213,442,201,107,268,69,1879,19,377,247,119,16,22,543,579,91,101,113,106,66,6,122,18,NaN,NaN,NaN,NaN
19-Feb-2023 16:23:59,7502,7657,1450,725,807,578,1023,731,108,510,177,1107,214,213,446,201,107,268,69,1882,19,377,247,119,16,22,545,580,91,101,113,106,66,6,122,18,NaN,NaN,NaN,NaN
20-Feb-2023 16:26:10,7500,7662,1450,725,807,577,1023,732,108,510,177,1109,214,216,446,202,107,268,69,1886,19,377,247,119,16,22,545,581,91,101,113,106,66,6,122,18,NaN,NaN,NaN,NaN
21-Feb-2023 16:25:12,7500,7689,1450,725,806,577,1025,733,108,510,176,1108,214,216,446,203,107,268,69,1888,19,377,248,119,16,22,545,582,91,101,113,106,67,6,122,18,NaN,NaN,NaN,NaN
22-Feb-2023 16:26:29,7503,7702,1450,726,808,578,1028,735,108,510,177,1107,215,216,448,204,107,268,70,1894,19,378,248,121,16,22,545,582,91,101,114,106,67,6,123,18,NaN,NaN,NaN,NaN
23-Feb-2023 16:27:43,7504,7709,1450,726,808,577,1028,734,108,510,177,1107,215,217,448,204,106,268,70,1896,19,378,248,121,16,22,546,583,91,101,114,106,67,6,123,18,NaN,NaN,NaN,NaN
24-Feb-2023 16:26:29,7504,7713,1449,727,809,578,1029,735,108,512,177,1108,215,218,448,204,105,268,70,1899,19,378,249,123,16,22,545,583,91,101,114,106,67,6,123,18,NaN,NaN,NaN,NaN
25-Feb-2023 16:23:51,7500,7720,1449,727,809,579,1029,735,108,512,177,1108,216,218,450,205,105,267,70,1901,19,378,250,123,16,22,551,582,91,101,114,106,67,6,123,18,NaN,NaN,NaN,NaN
26-Feb-2023 16:24:08,7499,7721,1449,727,809,580,1032,734,108,513,177,1108,216,218,451,205,106,267,70,1906,19,378,250,123,16,22,551,581,91,101,114,106,67,6,123,18,NaN,NaN,NaN,NaN
27-Feb-2023 16:27:23,7499,7718,1449,727,809,580,1033,734,108,513,177,1108,216,219,452,205,106,267,70,1907,19,378,251,123,16,22,551,581,91,101,114,106,67,6,123,18,NaN,NaN,NaN,NaN
28-Feb-2023 16:27:01,7501,7726,1448,726,810,582,1035,737,108,513,176,1110,216,219,455,205,108,267,71,1908,19,378,250,123,16,22,553,581,91,101,114,106,67,6,123,18,NaN,NaN,NaN,NaN
01-Mar-2023 16:27:39,7504,7735,1446,726,808,583,1037,738,108,513,178,1112,217,220,460,205,113,266,71,1914,19,379,252,123,16,22,554,581,90,101,115,106,67,6,123,18,NaN,NaN,NaN,NaN
02-Mar-2023 16:27:26,7506,7736,1444,726,808,586,1037,739,108,513,178,1112,218,220,460,205,113,266,71,1917,19,380,253,123,16,22,554,582,90,101,115,106,67,6,123,18,NaN,NaN,NaN,NaN
03-Mar-2023 16:26:01,7506,7737,1443,726,808,588,1037,738,108,514,179,1113,218,218,460,205,113,266,71,1922,19,381,253,123,NaN,22,556,581,90,101,115,106,67,6,123,18,NaN,NaN,NaN,NaN
04-Mar-2023 16:23:49,7503,7742,1443,728,810,591,1042,739,108,515,179,1115,219,219,460,206,114,267,71,1925,19,381,256,123,NaN,22,556,581,90,100,116,106,67,6,123,18,NaN,NaN,NaN,NaN
05-Mar-2023 16:23:43,7506,7744,1443,728,811,591,1042,740,108,515,179,1114,219,220,462,206,115,267,71,1925,19,380,257,123,NaN,22,556,581,90,100,117,105,67,6,123,18,NaN,NaN,NaN,NaN
06-Mar-2023 16:27:00,7506,7752,1441,729,812,591,1043,735,107,514,178,1135,217,218,460,205,114,266,70,1925,18,380,256,122,NaN,21,553,581,89,100,116,104,65,6,123,18,NaN,NaN,NaN,NaN
07-Mar-2023 16:26:42,7513,7769,1441,730,816,591,1040,735,107,514,178,1143,214,218,460,205,114,266,70,1926,18,379,256,122,NaN,21,553,581,89,100,116,104,65,6,123,18,NaN,NaN,NaN,NaN
08-Mar-2023 16:26:55,7516,7778,1440,732,817,590,1041,736,107,514,178,1153,214,219,459,205,119,266,71,1930,18,377,256,122,NaN,21,553,584,89,100,116,104,65,6,125,18,NaN,NaN,NaN,NaN
09-Mar-2023 16:27:31,7520,7781,1440,732,817,591,1043,735,107,515,179,1167,214,219,462,205,120,266,73,1937,18,378,257,122,NaN,21,553,587,89,100,116,104,65,6,126,18,NaN,NaN,NaN,NaN
10-Mar-2023 16:27:34,7520,7785,1440,733,817,591,1043,736,107,516,179,1173,214,219,463,205,121,266,73,1936,18,379,258,122,NaN,21,552,588,89,100,116,104,65,6,126,18,NaN,NaN,NaN,NaN
11-Mar-2023 16:23:14,7521,7787,1440,734,818,589,1045,737,107,517,179,1176,215,218,464,205,121,266,73,1938,18,379,259,122,NaN,21,553,589,89,100,116,105,65,6,127,18,NaN,NaN,NaN,NaN
12-Mar-2023 16:22:38,7519,7781,1440,736,819,588,1045,741,107,517,179,1180,215,219,466,205,121,266,73,1942,18,379,260,123,NaN,21,552,589,89,100,117,105,65,6,127,18,NaN,NaN,NaN,NaN
13-Mar-2023 16:25:41,7518,7773,1439,736,819,587,1046,740,107,517,179,1182,215,221,465,204,121,266,73,1944,18,379,260,123,NaN,21,553,590,89,100,117,105,65,6,127,18,NaN,NaN,NaN,NaN
14-Mar-2023 16:31:26,7519,7775,1440,736,819,587,1046,741,107,517,179,1186,216,221,465,205,121,266,73,1952,18,379,260,123,NaN,21,553,590,89,100,117,105,65,6,127,18,NaN,NaN,NaN,NaN
15-Mar-2023 16:26:54,7524,7781,1439,736,820,588,1045,744,107,517,179,1188,215,221,469,205,121,266,75,1961,18,379,261,123,NaN,21,553,591,88,100,117,105,65,6,127,18,NaN,NaN,NaN,NaN
16-Mar-2023 16:29:12,7525,7793,1439,736,820,588,1045,747,107,517,179,1187,214,221,469,205,122,266,78,1967,18,380,261,123,NaN,21,554,592,88,100,117,105,68,6,128,18,NaN,NaN,NaN,NaN
17-Mar-2023 16:24:59,7524,7800,1439,737,820,589,1047,747,107,518,179,1192,214,221,473,207,122,266,78,1968,18,380,261,123,NaN,21,552,593,88,100,118,106,69,6,128,18,NaN,NaN,NaN,NaN
18-Mar-2023 16:23:27,7525,7810,1440,737,820,591,1046,746,107,518,179,1194,214,220,473,208,122,266,78,1969,18,380,260,123,NaN,21,552,595,88,100,117,106,69,6,129,18,NaN,NaN,NaN,NaN
19-Mar-2023 16:23:27,7523,7811,1439,737,818,590,1046,748,107,518,179,1193,214,220,474,209,121,266,77,1970,18,379,259,123,NaN,21,553,597,88,100,117,106,69,6,129,18,NaN,NaN,NaN,NaN
20-Mar-2023 16:27:05,7527,7815,1438,737,819,594,1046,749,107,518,179,1194,214,221,474,209,122,266,78,1974,18,379,258,123,NaN,21,554,595,88,100,117,106,69,6,130,18,NaN,NaN,NaN,NaN
21-Mar-2023 16:20:34,7525,7820,1438,735,817,594,1048,748,106,518,177,1201,214,223,474,208,122,266,78,1976,18,380,260,123,NaN,21,554,596,88,100,116,106,69,6,129,18,NaN,NaN,NaN,NaN
22-Mar-2023 16:24:12,7530,7830,1437,735,820,594,1047,747,106,517,177,1205,214,223,474,208,122,266,78,1982,18,380,260,123,NaN,21,555,596,88,100,116,106,69,6,129,18,NaN,NaN,NaN,NaN
23-Mar-2023 16:25:13,7536,7829,1437,735,820,594,1048,747,106,516,177,1210,215,223,474,208,123,266,78,1986,18,380,260,123,NaN,21,555,595,88,100,116,106,69,6,129,18,NaN,NaN,NaN,NaN
24-Mar-2023 16:24:04,7538,7833,1437,735,821,594,1051,748,106,516,177,1214,216,223,475,208,123,266,78,1991,18,381,260,123,NaN,21,557,597,88,100,116,106,69,6,129,18,NaN,NaN,NaN,NaN
25-Mar-2023 16:21:59,7538,7844,1437,735,823,594,1051,748,106,517,177,1216,216,223,478,209,123,266,78,1995,18,381,260,123,NaN,21,558,597,88,99,116,106,69,6,130,18,NaN,NaN,NaN,NaN
26-Mar-2023 16:21:51,7537,7847,1437,735,824,594,1051,747,106,517,177,1215,216,223,478,209,123,266,78,1998,18,381,260,123,NaN,21,558,597,88,99,116,106,70,6,130,18,NaN,NaN,NaN,NaN
27-Mar-2023 16:22:29,7547,7852,1437,735,825,595,1051,747,106,517,177,1216,216,223,478,209,123,266,79,2002,18,381,261,123,NaN,21,558,600,88,99,116,106,70,6,130,18,NaN,NaN,NaN,NaN
29-Mar-2023 17:44:30,7553,7865,1437,734,826,599,1053,748,106,520,177,1224,216,223,479,209,123,266,80,2009,18,384,261,123,NaN,21,562,601,88,99,117,106,70,6,129,18,NaN,NaN,NaN,NaN
30-Mar-2023 16:24:15,7558,7870,1437,734,827,601,1053,746,106,521,177,1225,216,224,479,209,123,266,80,2011,18,386,262,124,NaN,21,562,603,88,99,119,106,70,6,130,18,NaN,NaN,NaN,NaN
31-Mar-2023 16:21:59,7561,7873,1437,734,829,601,1052,747,106,523,177,1228,216,225,482,210,123,266,80,2013,18,386,262,123,NaN,21,562,603,88,99,119,106,70,6,130,18,14,NaN,NaN,NaN
01-Apr-2023 16:21:00,7564,7881,1437,734,830,601,1052,748,106,522,177,1232,216,225,485,210,123,266,79,2015,18,388,262,123,NaN,22,563,605,88,99,119,106,70,6,130,18,17,NaN,NaN,NaN
02-Apr-2023 16:21:20,7566,7881,1437,734,832,601,1053,748,106,522,177,1234,215,226,484,210,123,266,79,2017,18,388,262,123,NaN,22,564,606,88,99,120,106,71,6,130,18,18,NaN,NaN,NaN
03-Apr-2023 16:22:28,7567,7878,1436,733,832,602,1057,751,106,522,178,1240,216,226,482,210,124,265,80,2019,18,388,262,123,NaN,22,565,605,88,99,120,106,71,6,130,18,18,NaN,NaN,NaN
04-Apr-2023 16:22:49,7566,7882,1433,740,834,602,1058,753,106,522,178,1244,216,228,482,210,125,265,80,2023,18,388,262,123,NaN,22,565,605,88,99,120,106,71,6,130,18,18,NaN,NaN,NaN
05-Apr-2023 16:26:47,7566,7890,1433,741,842,605,1062,757,106,522,178,1249,216,230,483,210,124,265,80,2034,18,388,262,122,NaN,22,565,608,88,99,120,106,71,6,132,18,18,NaN,NaN,NaN
06-Apr-2023 16:21:59,7569,7895,1432,741,844,604,1067,756,106,522,178,1252,217,231,483,210,124,265,80,2033,18,388,262,122,NaN,22,565,611,88,99,120,106,71,6,132,18,18,NaN,NaN,NaN
07-Apr-2023 16:21:46,7577,7904,1432,740,843,606,1071,758,106,521,178,1261,217,231,484,209,124,265,80,2036,18,388,262,122,NaN,22,566,610,88,100,120,106,70,6,133,18,18,NaN,NaN,NaN
08-Apr-2023 16:21:14,7580,7913,1432,739,844,605,1072,757,106,521,179,1265,217,232,483,210,124,265,80,2040,18,388,262,122,NaN,22,569,610,88,99,120,106,71,6,133,18,18,NaN,NaN,NaN
09-Apr-2023 16:20:47,7583,7913,1432,739,845,607,1072,758,106,521,179,1270,217,233,484,208,124,265,80,2041,18,388,262,122,NaN,22,571,611,88,99,120,106,70,6,133,18,18,NaN,NaN,NaN
10-Apr-2023 16:22:18,7583,7912,1432,739,847,608,1072,758,106,521,179,1270,217,233,485,210,124,265,80,2040,18,388,262,122,NaN,22,571,611,88,99,120,106,71,6,133,18,18,NaN,NaN,NaN
11-Apr-2023 16:23:30,7583,7918,1431,740,848,609,1072,759,107,521,180,1271,217,233,484,208,125,265,80,2043,18,388,262,122,NaN,22,571,612,89,99,120,106,70,6,133,18,18,NaN,NaN,NaN
12-Apr-2023 16:23:00,7584,7921,1430,740,847,609,1073,759,107,522,180,1271,217,232,484,209,126,265,80,2052,18,388,262,122,NaN,22,571,613,89,99,120,106,70,6,132,18,19,NaN,NaN,NaN
13-Apr-2023 16:21:33,7585,7930,1429,741,848,608,1075,759,107,522,181,1273,217,231,485,208,125,265,80,2058,18,388,262,122,NaN,22,572,613,89,99,120,106,69,6,132,18,19,NaN,NaN,NaN
14-Apr-2023 16:22:35,7587,7942,1429,743,848,609,1076,759,107,522,182,1272,217,230,485,208,125,265,80,2065,18,388,262,122,NaN,22,573,614,89,99,120,107,69,6,132,18,19,NaN,NaN,NaN
15-Apr-2023 16:21:40,7587,7952,1429,742,848,609,1076,757,107,522,182,1272,217,230,485,208,125,265,80,2067,18,388,262,122,NaN,22,573,615,89,99,120,107,69,6,131,18,19,NaN,NaN,NaN
16-Apr-2023 16:20:51,7591,7951,1429,741,848,610,1078,761,107,523,183,1275,217,231,487,208,126,265,80,2069,18,388,263,122,NaN,22,573,615,89,99,120,106,69,6,131,18,23,NaN,NaN,NaN
18-Apr-2023 16:19:39,7597,7973,1428,743,852,611,1080,759,107,523,183,1275,217,232,488,209,127,265,80,2074,18,387,264,122,NaN,22,574,618,89,99,120,106,69,6,133,18,24,NaN,NaN,NaN
19-Apr-2023 16:22:55,7599,7989,1428,743,852,610,1080,758,107,523,184,1274,218,232,487,209,127,265,80,2076,18,387,263,122,NaN,22,575,618,89,99,120,106,69,6,134,18,29,NaN,NaN,NaN
20-Apr-2023 16:22:22,7599,8008,1428,743,853,611,1083,762,107,523,184,1278,217,232,488,209,127,265,80,2084,18,387,263,122,NaN,22,576,624,89,99,120,106,69,6,135,18,35,NaN,NaN,NaN
21-Apr-2023 16:22:21,7601,8006,1428,744,854,611,1082,763,107,523,185,1280,217,232,488,209,127,265,80,2086,18,387,264,122,NaN,22,576,623,89,99,120,106,69,6,136,18,35,NaN,NaN,NaN
22-Apr-2023 16:21:12,7600,8014,1428,744,852,611,1082,764,106,521,185,1280,217,233,488,209,127,265,80,2086,18,387,264,122,NaN,22,575,624,89,99,120,106,69,6,136,18,36,NaN,NaN,NaN
23-Apr-2023 16:20:55,7601,8016,1427,744,853,611,1082,764,106,520,185,1280,217,233,488,209,127,265,80,2085,18,386,264,123,NaN,22,575,625,89,99,120,106,69,6,136,18,43,NaN,NaN,NaN
24-Apr-2023 16:23:06,7603,8022,1427,743,853,611,1083,765,106,520,184,1278,217,233,488,210,127,265,80,2086,18,386,264,123,NaN,22,574,624,89,99,120,106,69,6,136,18,41,NaN,NaN,NaN
25-Apr-2023 16:22:26,7606,8027,1427,743,853,612,1083,765,106,520,184,1279,217,234,488,211,127,266,80,2087,18,386,263,124,NaN,22,574,624,89,100,120,106,69,6,136,18,44,NaN,NaN,NaN
26-Apr-2023 16:22:51,7615,8035,1427,744,854,613,1087,765,106,520,184,1283,217,234,490,211,127,266,80,2091,18,386,263,124,NaN,22,574,627,89,100,120,106,69,6,136,18,47,NaN,NaN,NaN
27-Apr-2023 16:21:27,7618,8039,1427,744,854,612,1087,765,106,520,183,1280,217,234,491,210,127,266,80,2093,18,385,262,124,NaN,22,574,628,88,100,120,106,69,6,135,18,50,NaN,NaN,NaN
28-Apr-2023 16:21:24,7622,8043,1427,742,854,611,1085,764,105,520,182,1281,217,233,489,210,127,266,80,2094,18,386,261,124,NaN,22,574,626,88,100,120,106,69,6,140,18,53,725,NaN,NaN
29-Apr-2023 16:21:12,7621,8076,1427,742,853,609,1087,764,105,520,182,1283,218,233,490,210,127,266,80,2096,18,386,261,124,NaN,22,575,627,88,100,120,106,69,6,140,18,57,727,NaN,NaN
30-Apr-2023 16:20:32,7626,8298,1426,742,853,611,1088,766,105,520,182,1281,218,232,491,210,127,266,80,2102,18,386,261,124,NaN,22,577,629,88,101,120,106,69,6,141,18,60,728,NaN,NaN
01-May-2023 16:22:17,7629,8346,1426,742,853,615,1088,765,105,520,182,1281,218,232,492,211,127,267,80,2105,18,386,262,124,NaN,22,578,630,88,101,120,106,69,6,143,18,66,727,NaN,NaN
02-May-2023 16:22:05,7632,8353,1426,742,853,616,1090,764,105,521,182,1280,218,232,492,211,127,267,80,2108,18,385,262,124,NaN,22,578,630,88,101,120,106,69,6,143,18,72,727,NaN,NaN
03-May-2023 16:22:02,7632,8355,1426,742,852,616,1090,764,105,520,182,1281,218,233,492,211,127,267,80,2115,18,385,262,123,NaN,22,580,630,88,101,120,106,69,6,143,18,73,727,NaN,NaN
04-May-2023 16:32:19,7634,8360,1426,742,852,616,1090,765,105,520,182,1282,218,233,493,211,127,267,80,2117,18,385,262,123,NaN,22,582,632,88,101,120,106,69,6,143,18,76,727,NaN,NaN
05-May-2023 16:22:29,7635,8365,1426,743,852,616,1090,767,105,520,182,1282,218,233,493,211,127,267,80,2118,18,385,263,123,NaN,22,581,632,88,101,120,107,69,6,143,18,81,728,NaN,NaN
06-May-2023 16:20:33,7633,8366,1426,743,852,617,1090,769,105,520,182,1284,218,233,495,211,128,267,80,2121,18,385,263,123,NaN,22,582,632,88,101,120,107,69,6,143,18,81,728,NaN,NaN
07-May-2023 16:20:41,7635,8371,1426,743,853,618,1091,769,105,520,183,1285,218,233,495,211,128,267,80,2119,18,385,263,123,NaN,22,582,632,88,101,120,107,69,6,143,18,82,728,NaN,NaN
08-May-2023 16:22:31,7638,8378,1426,744,853,619,1091,769,105,520,184,1287,218,233,496,211,128,267,80,2124,18,385,263,123,NaN,22,583,632,88,101,120,107,69,6,144,18,82,729,NaN,NaN
09-May-2023 16:21:46,7638,8388,1426,743,852,620,1090,769,105,520,184,1287,218,233,496,211,128,267,80,2128,18,385,264,123,NaN,22,582,631,88,101,120,107,69,6,144,18,84,730,NaN,NaN
11-May-2023 16:21:42,7644,8395,1425,743,855,619,1090,770,105,520,184,1287,220,234,496,213,130,268,80,2128,18,385,265,123,NaN,22,584,631,89,101,121,107,70,6,144,18,87,730,NaN,NaN
12-May-2023 16:20:52,7646,8401,1425,743,855,619,1092,770,105,522,184,1288,220,234,496,213,130,269,80,2132,18,385,265,123,NaN,22,586,631,89,101,121,107,70,6,144,18,90,729,NaN,NaN
13-May-2023 16:20:13,7644,8405,1425,743,854,619,1095,770,105,522,184,1291,220,234,498,212,130,269,80,2132,18,384,264,123,NaN,22,587,632,89,101,121,107,70,6,144,18,92,728,NaN,NaN
14-May-2023 16:20:16,7645,8407,1425,743,855,620,1098,769,105,521,184,1295,220,234,496,212,130,269,80,2131,18,384,264,123,NaN,22,589,632,89,101,121,107,70,6,144,18,94,728,NaN,NaN
15-May-2023 16:22:13,7641,8407,1425,744,857,619,1098,769,105,521,184,1297,220,234,496,212,130,269,80,2134,18,384,264,123,NaN,22,589,632,89,101,121,107,70,6,145,18,95,727,NaN,NaN
16-May-2023 16:21:59,7643,8417,1425,744,857,619,1098,770,105,521,184,1297,220,235,496,213,130,269,81,2137,18,383,264,123,NaN,22,589,632,88,101,121,108,70,6,145,18,94,731,NaN,NaN
17-May-2023 16:21:44,7646,8417,1424,744,857,619,1099,770,105,520,184,1297,220,236,496,214,130,269,81,2137,18,384,264,122,NaN,22,589,632,88,101,121,108,70,6,145,18,95,730,NaN,NaN
18-May-2023 16:22:58,7645,8416,1425,744,858,620,1099,770,105,520,184,1298,220,236,496,214,130,269,81,2138,18,384,264,122,NaN,22,590,633,88,101,121,108,70,6,145,18,96,731,NaN,NaN
19-May-2023 16:21:14,7645,8415,1425,744,857,619,1099,770,105,520,184,1299,219,235,497,215,130,269,81,2137,18,384,264,123,NaN,22,592,633,88,101,121,108,71,6,145,18,98,732,NaN,NaN
20-May-2023 16:20:38,7641,8414,1425,744,857,619,1099,771,105,520,184,1299,219,235,497,215,130,269,81,2137,18,384,264,123,NaN,22,592,634,88,101,121,108,71,6,145,18,105,732,NaN,NaN
21-May-2023 16:20:18,7642,8410,1425,744,857,620,1099,769,105,520,184,1297,220,235,497,215,130,269,81,2140,18,384,264,123,NaN,22,592,634,88,101,121,108,71,6,145,18,108,732,NaN,NaN
22-May-2023 16:21:50,7643,8421,1426,744,858,619,1099,770,105,520,184,1296,221,235,498,216,130,269,81,2142,18,382,264,123,NaN,22,592,634,88,101,121,108,71,6,146,18,110,731,NaN,NaN
23-May-2023 16:21:55,7644,8425,1426,744,859,619,1099,769,105,520,184,1297,220,234,498,217,130,269,81,2149,18,384,263,123,NaN,22,592,634,88,101,120,108,71,6,146,18,110,731,NaN,NaN
24-May-2023 16:22:08,7643,8424,1426,744,859,619,1098,769,105,520,184,1298,220,235,497,217,130,269,81,2152,18,386,263,123,NaN,22,592,634,88,102,120,108,72,6,146,18,110,731,NaN,NaN
25-May-2023 16:21:40,7643,8429,1426,744,859,618,1098,771,105,520,184,1300,220,237,497,217,131,269,81,2159,18,385,263,123,NaN,22,593,635,88,102,120,108,72,6,146,18,111,732,NaN,NaN
26-May-2023 16:21:25,7644,8430,1426,744,859,618,1098,771,105,520,184,1303,220,239,497,218,131,269,81,2162,18,384,263,123,NaN,22,593,636,88,102,120,108,72,6,147,18,115,732,NaN,NaN
27-May-2023 16:21:15,7644,8435,1426,744,860,619,1098,774,105,520,184,1303,222,239,497,221,131,270,81,2167,18,384,263,123,NaN,22,591,635,88,102,119,108,72,6,147,18,117,732,NaN,NaN
28-May-2023 16:20:13,7646,8434,1427,743,860,619,1099,778,105,520,184,1304,222,239,498,223,131,270,81,2168,18,384,263,123,NaN,22,591,635,88,102,120,108,72,6,147,18,118,733,NaN,NaN
29-May-2023 16:21:23,7648,8442,1427,743,861,622,1100,781,105,521,184,1304,222,239,502,224,131,270,81,2173,18,384,263,124,NaN,22,591,635,88,102,121,108,72,6,153,18,121,733,NaN,NaN
30-May-2023 16:19:54,7656,8442,1427,744,862,622,1101,787,105,521,184,1303,223,238,504,224,131,270,81,2176,18,384,265,124,NaN,22,591,637,88,102,121,108,72,6,154,18,126,733,NaN,NaN
31-May-2023 16:23:19,7670,8450,1426,750,862,621,1103,789,105,523,185,1302,224,238,507,224,131,270,81,2178,18,384,266,124,NaN,22,592,638,88,102,121,108,72,6,157,18,125,733,NaN,NaN
01-Jun-2023 16:24:15,7678,8457,1425,750,862,622,1103,788,105,523,185,1301,223,239,507,225,131,270,81,2182,18,384,266,124,NaN,22,592,638,88,102,121,108,72,6,158,18,125,733,NaN,NaN
02-Jun-2023 16:21:25,7678,8460,1425,750,866,621,1103,790,105,522,185,1305,225,239,506,225,131,270,81,2181,18,384,271,124,NaN,22,592,639,88,102,121,108,72,6,160,18,125,732,NaN,NaN
03-Jun-2023 16:20:42,7679,8461,1425,751,867,620,1103,787,105,524,185,1304,226,239,507,225,131,270,81,2182,18,384,272,124,NaN,22,592,639,88,102,121,108,72,6,160,18,125,730,NaN,NaN
04-Jun-2023 16:20:59,7678,8460,1424,751,866,619,1102,787,105,523,185,1302,225,241,504,224,131,270,81,2182,18,384,272,124,NaN,22,592,639,88,102,121,108,72,6,160,18,127,729,NaN,NaN
05-Jun-2023 16:22:16,7682,8468,1423,752,864,620,1101,789,105,523,185,1303,226,241,505,225,131,270,81,2185,18,384,272,124,NaN,22,593,639,88,102,121,108,72,6,161,18,128,728,NaN,NaN
06-Jun-2023 16:22:13,7684,8469,1422,752,864,620,1101,789,105,522,185,1303,225,241,505,226,131,270,81,2186,18,384,272,124,NaN,22,594,639,88,102,121,108,72,6,161,18,131,728,NaN,NaN
07-Jun-2023 16:21:58,7687,8469,1422,752,864,620,1102,786,105,522,185,1302,225,241,506,225,131,270,81,2187,18,384,272,124,NaN,22,594,639,88,102,121,108,72,6,161,18,132,728,NaN,NaN
08-Jun-2023 16:21:44,7687,8481,1423,752,864,621,1101,785,105,521,185,1303,227,241,506,225,131,270,81,2186,18,384,273,123,NaN,22,594,639,88,102,121,108,72,6,161,18,133,728,33,NaN
09-Jun-2023 16:21:43,7692,8492,1423,752,864,621,1102,785,105,521,185,1301,227,242,506,225,131,270,81,2185,18,384,273,123,NaN,22,595,639,88,102,121,108,72,6,161,18,133,728,33,NaN
10-Jun-2023 16:20:57,7691,8492,1423,753,864,621,1102,785,105,521,185,1301,227,243,506,225,131,270,81,2186,18,384,273,123,NaN,22,597,639,88,102,121,108,72,6,161,18,133,728,34,NaN
11-Jun-2023 16:20:27,7688,8488,1423,754,862,621,1102,783,105,521,185,1299,227,242,505,225,131,270,80,2185,18,383,273,122,NaN,22,598,638,87,102,121,108,72,6,161,18,134,727,34,NaN
12-Jun-2023 16:22:51,7691,8490,1423,755,863,622,1103,785,105,521,185,1300,229,243,506,226,131,270,81,2188,18,384,274,123,NaN,22,598,639,88,102,121,108,72,6,161,18,135,727,34,NaN
13-Jun-2023 16:22:16,7691,8486,1422,755,863,624,1103,785,105,522,185,1300,229,243,506,227,131,270,81,2190,18,384,274,123,NaN,22,598,639,88,102,121,108,72,6,161,18,135,727,34,NaN
14-Jun-2023 16:22:57,7694,8478,1422,756,865,629,1103,786,105,524,186,1298,229,243,507,228,131,270,81,2193,18,384,273,123,NaN,22,599,639,88,102,119,108,73,6,161,18,133,727,34,NaN
15-Jun-2023 16:21:40,7697,8483,1422,756,864,630,1103,786,105,524,187,1299,228,242,510,228,131,270,80,2194,18,383,271,122,NaN,22,599,638,88,102,119,108,73,6,162,18,133,727,35,NaN
16-Jun-2023 16:21:14,7699,8488,1422,757,864,631,1104,788,105,524,187,1299,230,245,511,229,131,270,81,2195,18,384,273,123,NaN,22,599,640,88,102,119,108,73,6,164,18,135,728,37,NaN
17-Jun-2023 16:20:33,7699,8488,1422,757,864,634,1104,787,105,524,187,1299,231,246,512,229,131,270,81,2200,18,385,273,123,NaN,22,598,640,88,102,119,108,73,6,164,18,137,728,37,NaN
18-Jun-2023 16:20:52,7698,8487,1422,757,865,638,1104,787,105,524,187,1299,231,247,513,230,131,270,81,2202,18,384,275,123,NaN,22,602,640,88,102,119,108,73,6,164,18,138,728,37,NaN
19-Jun-2023 16:21:51,7697,8495,1422,757,868,642,1103,788,105,524,187,1300,232,247,517,231,132,270,81,2211,18,383,276,124,NaN,22,603,641,88,102,119,108,73,6,165,18,138,728,38,NaN
20-Jun-2023 16:21:32,7708,8509,1422,757,868,643,1103,789,105,524,187,1301,232,247,517,231,131,270,81,2213,18,383,276,124,NaN,22,604,640,88,103,119,108,73,6,165,18,141,728,43,NaN
21-Jun-2023 16:21:45,7713,8514,1421,757,869,643,1103,789,105,525,187,1299,232,248,518,229,131,270,81,2214,18,383,276,124,NaN,22,604,641,88,103,119,108,73,6,166,18,144,728,43,NaN
22-Jun-2023 16:22:04,7714,8519,1421,758,869,643,1103,789,105,526,188,1302,232,248,519,230,131,270,81,2214,18,383,279,124,NaN,22,606,644,88,103,119,108,73,6,167,18,145,728,43,NaN
23-Jun-2023 16:25:30,7717,8523,1421,758,868,644,1102,789,105,526,188,1301,231,249,519,230,131,269,81,2217,18,383,284,124,NaN,22,607,648,88,103,119,108,73,6,167,18,151,728,44,NaN
24-Jun-2023 16:23:44,7716,8532,1421,758,868,644,1103,790,105,537,188,1302,231,249,521,230,131,269,81,2223,18,383,284,124,NaN,22,608,648,88,103,120,108,73,6,167,18,153,728,44,NaN
25-Jun-2023 16:23:29,7720,8541,1421,758,869,644,1103,790,105,538,188,1300,231,250,522,230,131,269,81,2225,18,383,284,124,NaN,22,609,647,88,103,120,108,73,6,167,18,158,728,44,NaN
26-Jun-2023 16:24:22,7721,8546,1421,758,869,644,1103,791,105,539,188,1302,231,250,522,233,131,269,81,2227,18,383,284,124,NaN,22,610,647,88,103,120,108,73,6,168,18,159,728,44,NaN
27-Jun-2023 16:24:55,7722,8544,1421,758,869,644,1103,791,105,538,188,1303,232,251,523,234,131,269,81,2228,18,383,284,124,NaN,22,611,647,89,103,120,108,73,6,168,18,163,728,44,21
28-Jun-2023 16:24:38,7722,8548,1421,758,870,646,1104,793,105,539,187,1307,232,251,525,234,131,269,81,2235,18,384,284,124,NaN,22,610,647,89,103,120,108,73,6,169,18,163,728,44,21
29-Jun-2023 16:23:34,7725,8553,1421,758,870,650,1106,794,105,540,188,1307,232,251,525,234,131,269,81,2236,18,385,284,124,NaN,22,610,647,89,103,120,108,73,6,169,18,164,729,46,22
30-Jun-2023 16:23:28,7726,8552,1421,758,871,650,1106,796,105,540,188,1306,232,252,526,234,132,269,81,2238,18,387,284,125,NaN,22,610,647,89,103,121,108,73,6,169,18,166,728,47,22
01-Jul-2023 16:22:14,7725,8551,1420,758,871,649,1105,796,105,540,188,1305,232,253,526,235,132,269,81,2240,18,387,283,125,NaN,22,610,647,89,103,121,108,73,6,168,18,168,728,47,22
02-Jul-2023 16:22:09,7715,8551,1418,758,871,649,1102,796,105,540,188,1308,232,253,525,235,132,269,81,2240,18,387,283,125,NaN,22,609,648,89,103,120,108,73,6,168,18,171,728,50,22
03-Jul-2023 16:23:52,7717,8552,1419,758,871,649,1102,796,105,540,188,1311,234,254,525,236,132,269,81,2242,18,387,283,125,NaN,22,610,647,89,103,120,108,73,6,168,18,174,728,50,22
04-Jul-2023 16:25:18,7716,8555,1419,758,871,649,1103,795,105,541,188,1313,234,255,526,237,132,269,81,2245,18,387,283,125,NaN,22,611,649,89,103,120,108,73,6,168,18,176,729,50,22
05-Jul-2023 16:26:16,7720,8563,1419,758,872,652,1104,796,105,542,189,1314,235,255,529,238,133,269,81,2252,18,387,285,125,NaN,22,613,649,89,103,120,108,73,6,168,18,179,729,50,23
06-Jul-2023 16:26:09,7726,8575,1419,758,873,653,1105,797,105,543,189,1316,236,258,531,238,133,269,81,2254,18,389,287,125,NaN,22,615,652,89,103,120,108,73,6,168,18,183,730,50,23
07-Jul-2023 16:24:20,7725,8607,1418,757,872,654,1105,797,105,544,189,1317,237,258,531,239,133,269,81,2259,18,389,287,125,NaN,22,617,654,89,103,121,108,73,6,169,18,183,729,50,23
08-Jul-2023 16:22:48,7729,8620,1417,758,874,654,1105,798,105,544,189,1318,237,258,531,240,133,269,81,2262,18,389,287,125,NaN,22,617,654,89,103,122,108,73,6,170,18,183,730,50,23
09-Jul-2023 16:22:42,7730,8625,1418,759,875,655,1105,798,105,545,190,1319,237,259,531,240,133,270,81,2263,18,390,287,125,NaN,22,617,654,89,103,122,108,73,6,170,18,183,730,51,23
10-Jul-2023 16:26:18,7732,8622,1417,759,875,656,1105,798,105,545,191,1323,237,259,532,240,133,270,81,2264,18,390,288,125,NaN,22,618,654,89,103,122,108,73,6,170,18,182,732,52,23
11-Jul-2023 16:24:42,7732,8632,1417,759,877,657,1104,798,105,545,191,1327,237,261,531,240,133,270,81,2269,18,390,289,126,NaN,22,618,655,89,103,122,108,73,6,170,18,183,732,52,23
